"Athyrium filix-femina,"
"Oxalis oregana,"
"Pseudotsuga menziesii,"
"Pteridium aquilinum,"
"Rosa gymnocarpa,"
"Dryopteris expansa,"
"Mycelis muralis,"
"Vancouveria hexandra,"
"Actaea rubra,"
"Luzula parviflora,"
"Claytonia sibirica,"
"Frangula purshiana,"
"Hieracium scouleri,"
"Mahonia nervosa,"
"Vaccinium parvifolium,"
"Anemone deltoidea,"
"Maianthemum dilatatum,"
"Trillium ovatum,"
"Galium triflorum,"
"Rubus ursinus,"
"Cardamine nuttallii,"
"Polystichum munitum,"
"Acer circinatum,"
"Clarkia similis,"
"Corylus cornuta,"
"Gaultheria shallon,"
"Prosartes hookeri,"
"Prosartes smithii,"
"Maianthemum racemosum,"
"Goodyera oblongifolia,"
"Veronica arvensis,"
"Veronica officinalis,"
"Alnus rubra,"
"Hydrophyllum tenuipes,"
"Rubus laciniatus,"
"Rubus parviflorus,"
"Prunus emarginata,"
"Senecio sylvaticus,"
"Dicentra formosa,"
"Sambucus racemosa/nigra,"
"Tsuga heterophylla,"
"Hypochaeris radicata,"
"Stellaria borealis,"
"Abies procera,"
"Agrostis exarata,"
"Cirsium arvense,"
"Vulpia myuros,"
"Holodiscus discolor,"
"Thermopsis montana,"
"Chamerion angustifolium,"
"Hieracium albiflorum,"
"Hypochaeris glabra,"
"Lotus aboriginus,"
"Crepis capillaris,"
"Epilobium ciliatum,"
"Epilobium minutum,"
"Anaphalis margaritacea,"
"Carex rossii,"
"Digitalis purpurea,"
"Lactuca serriola,"
"Luzula comosa,"
"Sonchus arvensis,"
"Galium aparine,"
"Holcus lanatus,"
"Campanula scouleri,"
"Rubus leucodermis,"
"Senecio vulgaris,"
"Adenocaulon bicolor,"
"Amelanchier alnifolia,"
"Leucanthemum vulgare,"
"Osmorhiza berteroi,"
"Senecio jacobaea,"
"Tiarella trifoliata,"
"Cirsium vulgare,"
"Prunella vulgaris,"
"Trientalis borealis,"
"Cornus sericea,"
"Carex hendersonii,"
"Ribes sanguineum,"
"Hypericum scouleri,"
"Iris tenax,"
"Cerastium arvense,"
"Cerastium fontanum,"
"Mentha arvensis,"
"Phacelia heterophylla,"
"Conyza canadensis,"
"Hypericum perforatum,"
"Aira caryophyllea,"
"Clinopodium vulgare,"
"Cerastium glomeratum,"
"Anthoxanthum odoratum,"
"Acer macrophyllum,"
"Trientalis borealis,"
"Veronica serpyllifolia,"
"Agoseris grandiflora,"
"Stellaria calycantha,"
"Lolium perenne,"
"Bromus vulgaris,"
"Equisetum telmateia,"
"Lactuca biennis,"
"Solidago canadensis,"
"Rubus armeniacus,"
"Thuja plicata,"
"Abies grandis,"
"Melica subulata,"
"Petasites frigidus,"
"Collomia heterophylla,"
"Ranunculus uncinatus,"
"Viola glabella,"
"Petasites frigidus,"
"Stachys chamissonis,"
"Tolmiea menziesii,"
"Taraxacum officinale,"
"Cardamine hirsuta,"
"Anemone lyallii,"
"Angelica genuflexa,"
"Juncus ensifolius,"
"Asarum caudatum,"
"Typha latifolia,"
"Lysichiton americanus,"
"Mimulus guttatus,"
"Veronica americana,"
"Circaea alpina,"
"Maianthemum stellatum,"
"Menziesia ferruginea,"
"Monotropa hypopithys,"
"Cirsium edule,"
"Galium trifidum,"
"Ilex aquifolium,"
"Streptopus amplexifolius,"
"Oplopanax horridus,"
"Dianthus armeria,"
"Vicia villosa,"
"Lathyrus polyphyllus,"
"Vaccinium membranaceum,"
"Symphoricarpos albus,"
"Myosotis stricta,"
"Agrostis capillaris,"
"Achlys triphylla,"
"Galium oreganum,"
"Linnaea borealis,"
"Tiarella trifoliata,"
"Heracleum maximum,"
"Spiraea douglasii,"
"Oemleria cerasiformis,"
"Madia sativa,"
"Polypodium glycyrrhiza,"
"Xerophyllum tenax,"
"Plantago lanceolata,"
"Adiantum aleuticum,"
"Carex mertensii,"
"Pinus monticola,"
"Penstemon richardsonii,"
"Sambucus racemosa,"
"Cornus nuttallii,"
"Stachys chamissonis,"
"Oenanthe sarmentosa,"
"Juncus effusus,"
"Abies amabilis,"
"Vicia sativa,"
"Moehringia macrophylla,"
"Sambucus nigra,"
"Viola sempervirens,"
"Galium tinctorium,"
"Thalictrum occidentale,"
"Sorbus scopulina,"
"Unknown hardwood,"
"Unknown softwood,"
"Viola canadensis,"
"Tiarella trifoliata,"
"Vaccinium ovalifolium,"
"Festuca occidentalis,"
"Veronica chamaedrys,"
"Cytisus scoparius,"
"Poa palustris,"
"Bromus sitchensis,"
"Elymus glaucus,"
"Lapsana communis,"
"Elymus trachycaulus,"
"Erigeron subtrinervis,"
"Daucus carota,"
"Rubus lasiococcus,"
"Scirpus microcarpus,"
"Ranunculus arvensis,"
"Senecio triangularis,"
"Alnus viridis,"
"Cornus canadensis,"
"Listera cordata,"
"Aquilegia formosa,"
"Malus fusca,"
"Agrostis scabra,"
"Pseudotsuga menziesii,"
"Stellaria longifolia,"
"Botrychium multifidum,"
"Plantago major,"
"Sambucus nigra,"
"Physocarpus capitatus,"
"Acer saccharum,"
"Betula alleghaniensis,"
"Circaea alpina,"
"Fagus grandifolia,"
"Abies balsamea,"
"Acer pensylvanicum,"
"Oxalis montana,"
"Fraxinus americana,"
"Maianthemum racemosum,"
"Quercus rubra,"
"Tsuga canadensis,"
"Viburnum lantanoides,"
"Acer rubrum,"
"Fraxinus pennsylvanica,"
"Pinus strobus,"
"Maianthemum canadense,"
"Oclemena acuminata,"
"Aralia nudicaulis,"
"Uvularia sessilifolia,"
"Lycopus uniflorus,"
"Prunus pensylvanica,"
"Lychnis coronaria,"
"Betula papyrifera,"
"Rubus pubescens,"
"Monotropa uniflora,"
"Polygonatum pubescens,"
"Betula lenta,"
"Sorbus americana,"
"Medeola virginiana,"
"Epifagus virginiana,"
"Prunus serotina,"
"Dennstaedtia punctilobula,"
"Betula papyrifera,"
"Populus grandidentata,"
"Athyrium filix-femina,"
"Populus tremuloides,"
"Betula papyrifera,"
"Cornus alternifolia,"
"Prunus pensylvanica,"
"Mitchella repens,"
"Gaultheria procumbens,"
"Mentha ×villosa,"
"Ilex mucronata,"
"Prunus serotina,"
"Trientalis borealis,"
"Acer saccharum,"
"Quercus velutina,"
"Cornus amomum,"
"Betula populifolia,"
"Viburnum nudum,"
"Hamamelis virginiana,"
"Poa secunda,"
"Streptopus lanceolatus,"
"Aralia racemosa,"
"Arisaema triphyllum,"
"Arisaema triphyllum,"
"Lonicera morrowii,"
"Lyonia ligustrina,"
"Onoclea sensibilis,"
"Pteridium aquilinum,"
"Lycopodium hickeyi,"
"Chimaphila umbellata,"
"Vaccinium angustifolium,"
"Amelanchier laevis,"
"Viburnum lentago,"
"Vaccinium corymbosum,"
"Carpinus caroliniana,"
"Solidago rugosa,"
"Rubus flagellaris,"
"Picea abies,"
"Diervilla lonicera,"
"Prunus virginiana,"
"Viburnum acerifolium,"
"Rubus idaeus,"
"Artemisia vulgaris,"
"Osmunda cinnamomea,"
"Pyrola americana,"
"Pyrola elliptica,"
"Betula alleghaniensis,"
"Ostrya virginiana,"
"Corylus cornuta,"
"Viola rostrata,"
"Carya ovata,"
"Acer negundo,"
"Tilia americana,"
"Lyonia ligustrina,"
"Leersia virginica,"
"Lindera benzoin,"
"Oxalis stricta,"
"Rosa multiflora,"
"Ailanthus altissima,"
"Elymus virginicus,"
"Erechtites hieraciifolia,"
"Hackelia virginiana,"
"Liriodendron tulipifera,"
"Lonicera japonica,"
"Lonicera maackii,"
"Pilea pumila,"
"Carex blanda,"
"Celtis occidentalis,"
"Smilax tamnoides,"
"Toxicodendron radicans,"
"Verbesina occidentalis,"
"Duchesnea indica,"
"Juglans nigra,"
"Polygonum hydropiperoides,"
"Quercus muehlenbergii,"
"Rubus phoenicolasius,"
"Smilax rotundifolia,"
"Alliaria petiolata,"
"Asimina triloba,"
"Celastrus orbiculatus,"
"Elymus macgregorii,"
"Festuca subverticillata,"
"Microstegium vimineum,"
"Parthenocissus quinquefolia,"
"Verbesina alternifolia,"
"Carex kraliana,"
"Poa compressa,"
"Polygonum virginianum,"
"Prunus avium,"
"Berberis thunbergii,"
"Euonymus fortunei,"
"Nyssa sylvatica,"
"Poa trivialis,"
"Elymus hystrix,"
"Juniperus virginiana,"
"Ligustrum sinense,"
"Elymus hystrix,"
"Circaea lutetiana,"
"Polygonum convolvulus,"
"Elaeagnus umbellata,"
"Sanicula canadensis,"
"Perilla frutescens,"
"Symphoricarpos orbiculatus,"
"Geum canadense,"
"Platanus occidentalis,"
"Quercus michauxii,"
"Circaea lutetiana,"
"Agrostis gigantea,"
"Lobelia inflata,"
"Acalypha rhomboidea,"
"Plantago rugelii,"
"Setaria faberi,"
"Carduus acanthoides,"
"Morus alba,"
"Phleum pratense,"
"Spiranthes lacera,"
"Verbena urticifolia,"
"Allium vineale,"
"Eragrostis capillaris,"
"Juncus tenuis,"
"Medicago lupulina,"
"Potentilla recta,"
"Sorghum halepense,"
"Stellaria graminea,"
"Trifolium campestre,"
"Trifolium pratense,"
"Verbascum blattaria,"
"Eleusine indica,"
"Maclura pomifera,"
"Ambrosia artemisiifolia,"
"Arrhenatherum elatius,"
"Schedonorus arundinaceus,"
"Setaria pumila,"
"Muhlenbergia schreberi,"
"Tridens flavus,"
"Trifolium repens,"
"Solanum carolinense,"
"Andropogon virginicus,"
"Digitaria ischaemum,"
"Poa pratensis,"
"Solidago caesia,"
"Digitaria ciliaris,"
"Andropogon virginicus,"
"Elymus repens,"
"Anagallis arvensis,"
"Panicum anceps,"
"Bromus arvensis,"
"Dactylis glomerata,"
"Ranunculus bulbosus,"
"Dactylis glomerata,"
"Polygonum aviculare,"
"Carex brevior,"
"Rhamnus davurica,"
"Conyza canadensis,"
"Digitaria sanguinalis,"
"Echinochloa crus-galli,"
"Erigeron strigosus,"
"Physalis longifolia,"
"Teucrium canadense,"
"Chamaesyce nutans,"
"Apocynum cannabinum,"
"Asclepias syriaca,"
"Hypericum punctatum,"
"Kummerowia striata,"
"Botrychium dissectum,"
"Equisetum hyemale,"
"Boehmeria cylindrica,"
"Carex frankii,"
"Carex vulpinoidea,"
"Glechoma hederacea,"
"Carex molestiformis,"
"Carex cephalophora,"
"Erigeron annuus,"
"Lepidium virginicum,"
"Ipomoea pandurata,"
"Saccharum baldwinii,"
"Verbascum thapsus,"
"Symphyotrichum lanceolatum,"
"Barbarea vulgaris,"
"Lactuca canadensis,"
"Melilotus officinalis,"
"Mollugo verticillata,"
"Pseudognaphalium obtusifolium,"
"Robinia pseudoacacia,"
"Silene antirrhina,"
"Silene latifolia,"
"Carduus nutans,"
"Cornus florida,"
"Anthemis arvensis,"
"Muscari botryoides,"
"Triodanis perfoliata,"
"Polygonum pensylvanicum,"
"Dichanthelium clandestinum,"
"Symphyotrichum lateriflorum,"
"Cyperus strigosus,"
"Cyperus lupulinus,"
"Morus rubra,"
"Ipomoea hederacea,"
"Quercus rubra,"
"Eragrostis hirsuta,"
"Rumex acetosella,"
"Carex rosea,"
"Carex radiata,"
"Carex swanii,"
"Ranunculus abortivus,"
"Podophyllum peltatum,"
"Carya cordiformis,"
"Stellaria media,"
"Calystegia sepium,"
"Potentilla simplex,"
"Ranunculus recurvatus,"
"Quercus alba,"
"Carpinus caroliniana,"
"Rubus allegheniensis,"
"Dichanthelium acuminatum,"
"Chondrilla juncea,"
"Trifolium arvense,"
"Silene vulgaris,"
"Botrychium virginianum,"
"Cirsium discolor,"
"Chimaphila maculata,"
"Miscanthus sinensis,"
"Cercis canadensis,"
"Sinapis alba,"
"Cynoglossum virginianum,"
"Polygonatum biflorum,"
"Cardamine concatenata,"
"Prenanthes altissima,"
"Campanulastrum americanum,"
"Artemisia annua,"
"Carex digitalis,"
"Galium circaezans,"
"Phryma leptostachya,"
"Carya ovalis,"
"Ophioglossum vulgatum,"
"Cruciata pedemontana,"
"Carya tomentosa,"
"Carex aggregata,"
"Juniperus virginiana,"
"Carex tribuloides,"
"Osmorhiza longistylis,"
"Lysimachia ciliata,"
"Poa sylvestris,"
"Elymus riparius,"
"Euonymus americanus,"
"Polystichum acrostichoides,"
"Poa pratensis,"
"Phytolacca americana,"
"Eurybia divaricata,"
"Viola triloba,"
"Chaiturus marrubiastrum,"
"Datura stramonium,"
"Panicum dichotomiflorum,"
"Panicum gattingeri,"
"Veronica persica,"
"Mimulus ringens,"
"Sisyrinchium angustifolium,"
"Conoclinium coelestinum,"
"Cyperus esculentus,"
"Solidago altissima,"
"Carex stipata,"
"Physalis heterophylla,"
"Achillea millefolium,"
"Rorippa palustris,"
"Bromus pubescens,"
"Lysimachia nummularia,"
"Carex granularis,"
"Rumex obtusifolius,"
"Carex platyphylla,"
"Sedum ternatum,"
"Asarum canadense,"
"Trillium sessile,"
"Erigeron philadelphicus,"
"Impatiens capensis,"
"Campsis radicans,"
"Heliopsis helianthoides,"
"Acer saccharinum,"
"Sambucus nigra,"
"Liquidambar styraciflua,"
"Acer platanoides,"
"Carex mesochorea,"
"Vicia villosa,"
"Polygonum persicaria,"
"Cichorium intybus,"
"Cerastium fontanum,"
"Solanum carolinense,"
"Zea mays,"
"Setaria italica,"
"Convolvulus arvensis,"
"Abutilon theophrasti,"
"Linaria vulgaris,"
"Chenopodium album,"
"Amphicarpaea bracteata,"
"Gleditsia triacanthos,"
"Tetradium daniellii,"
"Bromus sterilis,"
"Nepeta cataria,"
"Liparis liliifolia,"
"Rubus parvifolius,"
"Acer negundo,"
"Torilis arvensis,"
"Avena sativa,"
"Setaria viridis,"
"Glycine max,"
"Malva neglecta,"
"Solanum nigrum,"
"Cornus unalaschkensis,"
"Vaccinium uliginosum,"
"Vaccinium vitis-idaea,"
"Betula neoalaskana,"
"Calamagrostis lapponica,"
"Picea mariana,"
"Calamagrostis canadensis,"
"Rosa acicularis,"
"Polygonum alpinum,"
"Salix bebbiana,"
"Carex lapponica,"
"Picea glauca,"
"Lycopodium complanatum,"
"Geocaulon lividum,"
"Lycopodium annotinum,"
"Ledum groenlandicum,"
"Lycopodium clavatum,"
"Alnus viridis,"
"Cornus suecica,"
"Andromeda polifolia,"
"Betula glandulosa/nana,"
"Carex bigelowii,"
"Ledum palustre,"
"Rubus chamaemorus,"
"Vaccinium oxycoccos,"
"Betula glandulosa,"
"Pinguicula villosa,"
"Pedicularis labradorica,"
"Empetrum nigrum,"
"Spiraea stevenii,"
"Arctagrostis latifolia,"
"Drosera rotundifolia,"
"Anthoxanthum monticola,"
"Carex stylosa,"
"Salix scouleriana,"
"Betula occidentalis,"
"Salix pulchra,"
"Equisetum sylvaticum,"
"Moehringia lateriflora,"
"Linnaea borealis,"
"Orthilia secunda,"
"Pedicularis lapponica,"
"Gymnocarpium dryopteris,"
"Luzula rufescens,"
"Festuca altaica,"
"Gymnocarpium robertianum,"
"Lycopodium dendroideum,"
"Poa alpina,"
"Populus balsamifera,"
"Chamaedaphne calyculata,"
"Epilobium palustre,"
"Salix pseudomonticola,"
"Eriophorum vaginatum,"
"Eriophorum angustifolium,"
"Salix arbusculoides,"
"Salix glauca,"
"Carex vaginata,"
"Carex capitata,"
"Salix richardsonii,"
"Polygonum bistorta,"
"Viburnum edule,"
"Ribes triste,"
"Lathyrus japonicus,"
"Carex microchaeta,"
"Salix athabascensis,"
"Salix alaxensis,"
"Salix hastata,"
"Pyrola grandiflora,"
"Calamagrostis canadensis,"
"Luzula divaricata,"
"Alnus incana,"
"Luzula multiflora,"
"Anemone richardsonii,"
"Anemone narcissiflora,"
"Larix laricina,"
"Ranunculus lapponicus,"
"Equisetum arvense,"
"Comarum palustre,"
"Eriophorum scheuchzeri,"
"Eriophorum russeolum,"
"Equisetum scirpoides,"
"Salix barclayi,"
"Calamagrostis stricta,"
"Asclepias verticillata,"
"Chamaecrista fasciculata,"
"Erigeron modestus,"
"Quercus stellata,"
"Sabatia campestris,"
"Asclepias stenophylla,"
"Asclepias tuberosa,"
"Lechea tenuifolia,"
"Opuntia macrorhiza,"
"Plantago virginica,"
"Chaetopappa asteroides,"
"Gaillardia aestivalis,"
"Gymnopogon ambiguus,"
"Indigofera miniata,"
"Lechea mucronata,"
"Quercus marilandica,"
"Bassia scoparia,"
"Bouteloua curtipendula,"
"Croton glandulosus,"
"Dalea purpurea,"
"Dichanthelium acuminatum,"
"Diodia teres,"
"Neptunia lutea,"
"Panicum hallii,"
"Scleria ciliata,"
"Schizachyrium scoparium,"
"Sorghastrum nutans,"
"Symphyotrichum patens,"
"Andropogon ternarius,"
"Bouteloua hirsuta,"
"Dichanthelium linearifolium,"
"Fimbristylis puberula,"
"Linum sulcatum,"
"Symphyotrichum ericoides,"
"Asclepias viridiflora,"
"Dichanthelium oligosanthes,"
"Erigeron strigosus,"
"Liatris mucronata,"
"Hypericum drummondii,"
"Linum medium,"
"Liatris punctata,"
"Pyrrhopappus grandiflorus,"
"Bothriochloa ischaemum,"
"Asclepias viridis,"
"Panicum virgatum,"
"Polygala incarnata,"
"Coelorachis cylindrica,"
"Galactia volubilis,"
"Helianthemum georgianum,"
"Andropogon gerardii,"
"Calylophus berlandieri,"
"Juncus interior,"
"Ambrosia psilostachya,"
"Verbena halei,"
"Artemisia ludoviciana,"
"Antennaria parlinii,"
"Rudbeckia hirta,"
"Callirhoe involucrata,"
"Polygala verticillata,"
"Acalypha monococca,"
"Vulpia octoflora,"
"Celtis laevigata,"
"Geranium carolinianum,"
"Nuttallanthus texanus,"
"Houstonia pusilla,"
"Spermolepis echinata,"
"Viola bicolor,"
"Digitaria californica,"
"Juncus marginatus,"
"Allium canadense,"
"Oenothera laciniata,"
"Asclepias amplexicaulis,"
"Gypsoplaca macrophylla,"
"Cirsium undulatum,"
"Dalea aurea,"
"Cocculus carolinus,"
"Solanum dimidiatum,"
"Xanthisma texanum,"
"Bothriochloa laguroides,"
"Penstemon laxiflorus,"
"Chrysopsis pilosa,"
"Physalis cinerascens,"
"Stenaria nigricans,"
"Oldenlandia boscii,"
"Physalis longifolia,"
"Prunus mexicana,"
"Sideroxylon lanuginosum,"
"Euphorbia dentata,"
"Commelina erecta,"
"Cyperus echinatus,"
"Elymus canadensis,"
"Bouteloua gracilis,"
"Desmodium sessilifolium,"
"Stylosanthes biflora,"
"Pediomelum rhombifolium,"
"Setaria parviflora,"
"Sporobolus compositus,"
"Verbesina helianthoides,"
"Astranthium integrifolium,"
"Bromus tectorum,"
"Callicarpa americana,"
"Spermolepis inermis,"
"Astranthium integrifolium,"
"Gamochaeta pensylvanica,"
"Galium pilosum,"
"Rudbeckia hirta,"
"Ulmus crassifolia,"
"Verbesina virginica,"
"Smilax bona-nox,"
"Tradescantia ohiensis,"
"Cyperus retroflexus,"
"Yucca arkansana,"
"Cornus drummondii,"
"Frangula caroliniana,"
"Crataegus crus-galli,"
"Vernonia baldwinii,"
"Centaurea americana,"
"Viburnum rufidulum,"
"Passiflora lutea,"
"Rubus oklahomus,"
"Rosa setigera,"
"Cercis canadensis,"
"Rosa arkansana,"
"Carya illinoinensis,"
"Cnidoscolus texanus,"
"Oxalis violacea,"
"Rhynchosia latifolia,"
"Hypericum hypericoides,"
"Cirsium texanum,"
"Elephantopus tomentosus,"
"Clitoria mariana,"
"Monarda fistulosa,"
"Tragia betonicifolia,"
"Juncus inflexus,"
"Monarda citriodora,"
"Tragia ramosa,"
"Rhus glabra,"
"Acalypha gracilens,"
"Bidens frondosa,"
"Lactuca ludoviciana,"
"Cissus trifoliata,"
"Eupatorium serotinum,"
"Monarda punctata,"
"Sporobolus cryptandrus,"
"Hordeum pusillum,"
"Desmanthus illinoensis,"
"Rhus copallinum,"
"Poncirus trifoliata,"
"Prunus munsoniana,"
"Dichaetophora campestris,"
"Helenium amarum,"
"Digitaria cognata,"
"Eragrostis intermedia,"
"Heterotheca subaxillaris,"
"Juncus nodatus,"
"Prunus angustifolia,"
"Oligoneuron nitidum,"
"Bothriochloa ischaemum,"
"Brickellia eupatorioides,"
"Agrostis elliottiana,"
"Pyrrhopappus carolinianus,"
"Centaurium texense,"
"Bothriochloa bladhii,"
"Fimbristylis annua,"
"Pediomelum linearifolium,"
"Phemeranthus parviflorus,"
"Chloris verticillata,"
"Gaillardia suavis,"
"Linum medium,"
"Mimosa nuttallii,"
"Penstemon cobaea,"
"Plantago aristata,"
"Solidago missouriensis,"
"Paronychia virginica,"
"Plantago patagonica,"
"Dalea enneandra,"
"Bothriochloa barbinodis,"
"Cyperus reflexus,"
"Koeleria macrantha,"
"Euphorbia bicolor,"
"Galium virgatum,"
"Tetraneuris linearifolia,"
"Trisetum interruptum,"
"Berlandiera betonicifolia,"
"Daucus pusillus,"
"Schedonnardus paniculatus,"
"Acacia angustissima,"
"Nassella leucotricha,"
"Arenaria serpyllifolia,"
"Castilleja indivisa,"
"Evax prolifera,"
"Lotus unifoliolatus,"
"Phyla nodiflora,"
"Croton capitatus,"
"Evolvulus nuttallianus,"
"Eragrostis pilosa,"
"Bothriochloa ischaemum,"
"Carex austrina,"
"Trifolium vesiculosum,"
"Bouteloua rigidiseta,"
"Quercus ×inconstans,"
"Croton monanthogynus,"
"Sarcosagium campestre,"
"Tridens muticus,"
"Parietaria pensylvanica,"
"Rubus aboriginum,"
"Gaillardia pulchella,"
"Solidago ulmifolia,"
"Digitaria villosa,"
"Styphnolobium affine,"
"Grindelia lanceolata,"
"Silphium albiflorum,"
"Dalea candida,"
"Aristida purpurea,"
"Bifora americana,"
"Heliotropium tenellum,"
"Amphiachyris dracunculoides,"
"Phyllanthus polygonoides,"
"Ratibida columnifera,"
"Hedeoma drummondii,"
"Mimosa roemeriana,"
"Allium drummondii,"
"Hypoxis hirsuta,"
"Muhlenbergia reverchonii,"
"Dyschoriste linearis,"
"Tridens albescens,"
"Linum rigidum,"
"Carex emoryi,"
"Eupatorium altissimum,"
"Scutellaria drummondii,"
"Oenothera macrocarpa,"
"Callirhoe pedata,"
"Dalea multiflora,"
"Krameria lanceolata,"
"Psoralidium tenuiflorum,"
"Echinacea purpurea,"
"Valerianella amarella,"
"Stillingia texana,"
"Echinacea angustifolia,"
"Hymenopappus tenuifolius,"
"Senna roemeriana,"
"Glandularia bipinnatifida,"
"Scutellaria resinosa,"
"Scutellaria wrightii,"
"Euphorbia longicruris,"
"Dalea tenuis,"
"Lesquerella engelmannii,"
"Bouteloua dactyloides,"
"Dalea hallii,"
"Erioneuron pilosum,"
"Forestiera pubescens,"
"Dyschoriste linearis,"
"Engelmannia peristenia,"
"Chamaesyce missurica,"
"Stenosiphon linifolius,"
"Castilleja purpurea,"
"Croton texensis,"
"Quercus fusiformis,"
"Vitis mustangensis,"
"Anemone berlandieri,"
"Zanthoxylum clava-herculis,"
"Linum pratense,"
"Crotalaria sagittalis,"
"Triodanis leptocarpa,"
"Ulmus americana,"
"Phlox roemeriana,"
"Fuirena simplex,"
"Isoetes melanopoda,"
"Centaurium beyrichii,"
"Dysodiopsis tagetoides,"
"Echinodorus tenellus,"
"Polygala alba,"
"Matelea biflora,"
"Symphyotrichum drummondii,"
"Amsonia ciliata,"
"Juniperus ashei,"
"Prunus gracilis,"
"Crotalaria ochroleuca,"
"Delphinium carolinianum,"
"Chasmanthium latifolium,"
"Ulmus alata,"
"Montia parvifolia,"
"Sisyrinchium idahoense,"
"Lonicera albiflora,"
"Deiregyne confusa,"
"Asclepias engelmanniana,"
"Opuntia phaeacantha,"
"Quercus shumardii,"
"Fraxinus albicans,"
"Dalea tenuifolia,"
"Rhus trilobata,"
"Rhus aromatica,"
"Gaura sinuata,"
"Solanum elaeagnifolium,"
"Eragrostis pectinacea,"
"Panicum coloratum,"
"Polygonum tenue,"
"Tridens congestus,"
"Asclepias arenaria,"
"Carex leavenworthii,"
"Dicliptera sexangularis,"
"Hypericum hypericoides,"
"Aloysia gratissima,"
"Cyperus acuminatus,"
"Cyperus retrorsus,"
"Alopecurus carolinianus,"
"Sedum pulchellum,"
"Symphyotrichum patens,"
"Cynodon dactylon,"
"Desmodium ciliare,"
"Agalinis homalantha,"
"Sophora nuttalliana,"
"Strophostyles helvola,"
"Woodsia obtusa,"
"Aegilops cylindrica,"
"Poa arachnifera,"
"Senna occidentalis,"
"Desmodium canescens,"
"Eragrostis curtipedicellata,"
"Gutierrezia texana,"
"Eriogonum annuum,"
"Eragrostis secundiflora,"
"Gaillardia amblyodon,"
"Leptochloa panicea,"
"Oenothera linifolia,"
"Eriogonum molestum,"
"Nelumbo lutea,"
"Ampelopsis arborea,"
"Rhynchosia americana,"
"Pellaea atropurpurea,"
"Andropogon gyrans,"
"Rhynchosia minima,"
"Polygonum punctatum,"
"Polygonum ramosissimum,"
"Lamarckia aurea,"
"Ponthieva racemosa,"
"Elephantopus carolinianus,"
"Lindheimera texana,"
"Allium canadense,"
"Grindelia squarrosa,"
"Grimmia laevigata,"
"Polygala ramosa,"
"Salvia azurea,"
"Hymenopappus filifolius,"
"Salvia engelmannii,"
"Salvia texana,"
"Chamaesyce cordifolia,"
"Escobaria missouriensis,"
"Gutierrezia sarothrae,"
"Hybanthus verticillatus,"
"Rhynchosida physocalyx,"
"Aphanostephus skirrhobasis,"
"Liatris punctata,"
"Salix myrtillifolia,"
"Achillea millefolium,"
"Silene repens,"
"Stellaria longipes,"
"Galium boreale,"
"Arctostaphylos uva-ursi,"
"Silene menziesii,"
"Solidago multiradiata,"
"Lupinus arcticus,"
"Chamerion angustifolium,"
"Carex deweyana,"
"Arnica frigida,"
"Erigeron acris,"
"Betula nana,"
"Campanula lasiocarpa,"
"Solidago simplex,"
"Arnica frigida,"
"Calamagrostis purpurascens,"
"Carex siccata,"
"Erigeron acris,"
"Arctostaphylos rubra,"
"Pedicularis langsdorffii,"
"Salix reticulata,"
"Calamagrostis stricta,"
"Pedicularis lanata,"
"Arctostaphylos alpina,"
"Poa arctica,"
"Arnica frigida,"
"Castilleja caudata,"
"Taraxacum officinale,"
"Kobresia myosuroides,"
"Sanguisorba officinalis,"
"Zigadenus elegans,"
"Loiseleuria procumbens,"
"Aconitum delphiniifolium,"
"Pulsatilla patens,"
"Anthoxanthum monticola,"
"Pedicularis sudetica,"
"Equisetum palustre,"
"Equisetum pratense,"
"Anemone parviflora,"
"Gentianella propinqua,"
"Luzula arctica,"
"Puccinellia tenella,"
"Gentiana prostrata,"
"Carex aquatilis,"
"Bupleurum americanum,"
"Dryas octopetala,"
"Saxifraga bronchialis,"
"Minuartia obtusiloba,"
"Minuartia arctica,"
"Silene menziesii,"
"Poa glauca,"
"Senecio lugens,"
"Selaginella sibirica,"
"Botrychium lunaria,"
"Armeria maritima,"
"Cornus ×intermedia,"
"Oxytropis campestris,"
"Dasiphora fruticosa,"
"Mertensia paniculata,"
"Pyrola asarifolia,"
"Leymus innovatus,"
"Pyrola minor,"
"Rhododendron lapponicum,"
"Valeriana capitata,"
"Dasiphora fruticosa,"
"Campanula uniflora,"
"Iris setosa,"
"Polygonum bistorta,"
"Polygonum viviparum,"
"Juniperus communis,"
"Zigadenus elegans,"
"Polemonium pulcherrimum,"
"Polemonium acutiflorum,"
"Saussurea angustifolia,"
"Stellaria alaskana,"
"Alnus incana,"
"Salix niphoclada,"
"Arctostaphylos alpina,"
"Salix ovalifolia,"
"Carex rupestris,"
"Shepherdia canadensis,"
"Boschniakia rossica,"
"Carex rotundata,"
"Salix fuscescens,"
"Eriophorum angustifolium,"
"Pyrola chlorantha,"
"Rubus arcticus,"
"Salix lucida,"
"Carex tenuiflora,"
"Carex norvegica,"
"Carex scirpoidea,"
"Parnassia palustris,"
"Carex saxatilis,"
"Carex atrofusca,"
"Festuca viviparoidea,"
"Epilobium davuricum,"
"Ranunculus gmelinii,"
"Salix candida,"
"Goodyera repens,"
"Iris setosa,"
"Ampelopsis cordata,"
"Rubus argutus,"
"Carex grayi,"
"Commelina virginica,"
"Cryptotaenia canadensis,"
"Vitis cinerea,"
"Calycocarpum lyonii,"
"Leersia lenticularis,"
"Smilax smallii,"
"Sabal minor,"
"Ageratina altissima,"
"Arundinaria gigantea,"
"Aristolochia tomentosa,"
"Smilax walteri,"
"Brunnichia ovata,"
"Equisetum hyemale,"
"Quercus nigra,"
"Bignonia capreolata,"
"Quercus phellos,"
"Rubus cuneifolius,"
"Carya glabra,"
"Rubus trivialis,"
"Vitis rotundifolia,"
"Cicuta maculata,"
"Clematis catesbyana,"
"Quercus lyrata,"
"Viola sororia,"
"Triadica sebifera,"
"Oplismenus hirtellus,"
"Cornus foemina,"
"Amphicarpaea bracteata,"
"Colocasia esculenta,"
"Nyssa biflora,"
"Packera glabella,"
"Vernonia gigantea,"
"Vitis palmata,"
"Tradescantia virginiana,"
"Desmodium laevigatum,"
"Aesculus ×marylandica,"
"Taxodium distichum,"
"Mikania scandens,"
"Phyla lanceolata,"
"Pluchea camphorata,"
"Agrostis perennans,"
"Desmodium pauciflorum,"
"Dicliptera brachiata,"
"Salix nigra,"
"Eupatorium capillifolium,"
"Quercus pagoda,"
"Vitis vulpina,"
"Botrychium biternatum,"
"Clematis virginiana,"
"Berchemia scandens,"
"Saururus cernuus,"
"Carex tribuloides,"
"Phanopyrum gymnocarpon,"
"Ruellia caroliniensis,"
"Aristolochia serpentaria,"
"Justicia ovata,"
"Ilex decidua,"
"Viola affinis,"
"Melia azedarach,"
"Acer barbatum,"
"Carya aquatica,"
"Triadenum tubulosum,"
"Allium sativum,"
"Cephalanthus occidentalis,"
"Ludwigia glandulosa,"
"Lobelia puberula,"
"Lobelia cardinalis,"
"Pleopeltis polypodioides,"
"Spiranthes ovalis,"
"Spiranthes cernua,"
"Matelea gonocarpos,"
"Lycopus rubellus,"
"Smilax laurifolia,"
"Spermacoce glabra,"
"Monarda russeliana,"
"Solidago odora,"
"Amorpha fruticosa,"
"Senna marilandica,"
"Dioclea multiflora,"
"Iva annua,"
"Verbena brasiliensis,"
"Prunus americana,"
"Amsonia tabernaemontana,"
"Ostrya chisosensis,"
"Trepocarpus aethusae,"
"Ligustrum japonicum,"
"Desmodium paniculatum,"
"Smilax glauca,"
"Krascheninnikovia lanata,"
"Ilex vomitoria,"
"Hydrocotyle verticillata,"
"Ligustrum lucidum,"
"Lygodium japonicum,"
"Ipomoea purpurea,"
"Vitis aestivalis,"
"Euphorbia corollata,"
"Galium obtusum,"
"Melothria pendula,"
"Cheilanthes lanosa,"
"Physalis virginiana,"
"Yeatesia viridiflora,"
"Solanum americanum,"
"Carex squarrosa,"
"Dichondra carolinensis,"
"Ilex opaca,"
"Angelica venenosa,"
"Arisaema dracontium,"
"Quercus ×heterophylla,"
"Clematis terniflora,"
"Polygonum setaceum,"
"Verbena bracteata,"
"Tilia americana,"
"Lythrum alatum,"
"Quercus falcata,"
"Sideroxylon lycioides,"
"Toxicodendron pubescens,"
"Baccharis halimifolia,"
"Cardamine bulbosa,"
"Vaccinium arboreum,"
"Desmodium obtusum,"
"Dioscorea villosa,"
"Heliotropium indicum,"
"Impatiens balsamina,"
"Tephrosia virginiana,"
"Alisma subcordatum,"
"Sesbania vesicaria,"
"Echinodorus cordifolius,"
"Diodia virginiana,"
"Lindernia dubia,"
"Physalis pubescens,"
"Ipomoea coccinea,"
"Apios americana,"
"Hydrolea uniflora,"
"Penthorum sedoides,"
"Xanthium strumarium,"
"Hibiscus laevis,"
"Quercus laurifolia,"
"Ditrysinia fruticosa,"
"Quercus virginiana,"
"Centaurea calcitrapa,"
"Mimosa microphylla,"
"Euthamia caroliniana,"
"Planera aquatica,"
"Carex crus-corvi,"
"Campanula rapunculoides,"
"Morella cerifera,"
"Desmodium viridiflorum,"
"Clinopodium glabellum,"
"Oxalis dillenii,"
"Smilax auriculata,"
"Desmodium rotundifolium,"
"Crataegus marshallii,"
"Passiflora incarnata,"
"Pinus taeda,"
"Senna obtusifolia,"
"Albizia julibrissin,"
"Hydrocotyle bonariensis,"
"Lemna valdiviana,"
"Salvinia minima,"
"Trichostema setaceum,"
"Phacelia laxa,"
"Trichostema dichotomum,"
"Phyllanthus caroliniensis,"
"Woodwardia areolata,"
"Tripsacum dactyloides,"
"Pueraria montana,"
"Asimina parviflora,"
"Spigelia marilandica,"
"Prunus caroliniana,"
"Tridens carolinianus,"
"Sericocarpus linifolius,"
"Artemisia dracunculus,"
"Prunus alabamensis,"
"Conyza floribunda,"
"Osmunda cinnamomea,"
"Thelypteris kunthii,"
"Magnolia grandiflora,"
"Ipomoea cairica,"
"Proserpinaca palustris,"
"Bacopa monnieri,"
"Cocculus diversifolius,"
"Pluchea odorata,"
"Triglochin striata,"
"Stachys floridana,"
"Wisteria sinensis,"
"Amsonia tomentosa,"
"Proserpinaca pectinata,"
"Bidens discoidea,"
"Azolla caroliniana,"
"Alternanthera philoxeroides,"
"Lemna aequinoctialis,"
"Nymphoides aquatica,"
"Decumaria barbara,"
"Eupatorium sessilifolium,"
"Pycnanthemum verticillatum,"
"Verbena scabra,"
"Rubus pensilvanicus,"
"Quercus laceyi,"
"Rubus randolphiorum,"
"Cynanchum laeve,"
"Collinsonia serotina,"
"Amsonia tabernaemontana,"
"Asclepias perennis,"
"Wisteria frutescens,"
"Quercus laevis,"
"Corydalis flavula,"
"Quercus acutissima,"
"Ruellia corzoi,"
"Cayaponia quinqueloba,"
"Pinus palustris,"
"Prenanthes serpentaria,"
"Phegopteris hexagonoptera,"
"Ambrosia trifida,"
"Thelypteris noveboracensis,"
"Salix caroliniana,"
"Oxalis debilis,"
"Tragia urticifolia,"
"Conopholis americana,"
"Achnatherum hymenoides,"
"Mimulus alatus,"
"Lomatium foeniculaceum,"
"Sassafras albidum,"
"Lonicera sempervirens,"
"Pyrus calleryana,"
"Phyllanthus urinaria,"
"Ipomoea wrightii,"
"Actaea pachypoda,"
"Iris cristata,"
"Desmodium nudiflorum,"
"Prosartes lanuginosa,"
"Ranunculus recurvatus,"
"Laportea canadensis,"
"Trillium luteum,"
"Osmorhiza claytonii,"
"Acer rubrum,"
"Goodyera pubescens,"
"Brachyelytrum erectum,"
"Potentilla canadensis,"
"Pyrularia pubera,"
"Lysimachia tonsa,"
"Cynoglossum virginianum,"
"Viola ×palmata,"
"Dioscorea quaternata,"
"Magnolia fraseri,"
"Calycanthus floridus,"
"Agrimonia pubescens,"
"Agrimonia rostellata,"
"Cleistes bifaria,"
"Aesculus flava,"
"Ulmus rubra,"
"Quercus coccinea,"
"Quercus montana,"
"Gaylussacia ursina,"
"Galax urceolata,"
"Kalmia latifolia,"
"Uvularia puberula,"
"Saponaria officinalis,"
"Rhus typhina,"
"Dryopteris intermedia,"
"Athyrium filix-femina,"
"Commelina communis,"
"Acer rubrum,"
"Trillium grandiflorum,"
"Trillium simile,"
"Polypodium appalachianum,"
"Anemone quinquefolia,"
"Vaccinium pallidum,"
"Danthonia compressa,"
"Eutrochium purpureum,"
"Solidago erecta,"
"Aureolaria laevigata,"
"Cystopteris protrusa,"
"Tipularia discolor,"
"Clethra acuminata,"
"Lysimachia quadrifolia,"
"Pycnanthemum montanum,"
"Symphyotrichum prenanthoides,"
"Huperzia lucidula,"
"Pinus rigida,"
"Gamochaeta purpurea,"
"Pinus virginiana,"
"Antennaria plantaginifolia,"
"Houstonia purpurea,"
"Lilium michauxii,"
"Chamaecrista nictitans,"
"Arabis laevigata,"
"Amelanchier arborea,"
"Aristolochia macrophylla,"
"Hydrangea arborescens,"
"Symphyotrichum cordifolium,"
"Collinsonia canadensis,"
"Adiantum pedatum,"
"Impatiens pallida,"
"Arnoglossum atriplicifolium,"
"Tiarella cordifolia,"
"Chelone glabra,"
"Leucothoe fontanesiana,"
"Rubus idaeus,"
"Cardamine diphylla,"
"Solidago fistulosa,"
"Caulophyllum thalictroides,"
"Dryopteris marginalis,"
"Deparia acrostichoides,"
"Geranium maculatum,"
"Stachys cordata,"
"Anemone virginiana,"
"Orobanche uniflora,"
"Arnoglossum reniforme,"
"Heuchera villosa,"
"Trillium vaseyi,"
"Viola blanda,"
"Picea rubens,"
"Phlox stolonifera,"
"Hydrophyllum canadense,"
"Ilex montana,"
"Hypericum mutilum,"
"Helianthus microcephalus,"
"Eutrochium purpureum,"
"Cystopteris tenuis,"
"Agrimonia parviflora,"
"Poa autumnalis,"
"Eutrochium fistulosum,"
"Fragaria virginiana,"
"Thinopyrum intermedium,"
"Scutellaria elliptica,"
"Polypodium virginianum,"
"Dryopteris campyloptera,"
"Vaccinium erythrocarpum,"
"Chelone lyonii,"
"Vaccinium stamineum,"
"Viola hastata,"
"Delphinium tricorne,"
"Hepatica nobilis,"
"Erythronium umbilicatum,"
"Thalictrum thalictroides,"
"Claytonia caroliniana,"
"Erythronium umbilicatum,"
"Cinna arundinacea,"
"Mitella diphylla,"
"Nasturtium officinale,"
"Actaea racemosa,"
"Hepatica nobilis,"
"Monarda clinopodia,"
"Houstonia purpurea,"
"Asclepias exaltata,"
"Solidago flexicaulis,"
"Epigaea repens,"
"Glyceria striata,"
"Ribes rotundifolium,"
"Rhododendron catawbiense,"
"Hedera helix,"
"Viola pubescens,"
"Phlox carolina,"
"Polystichum acrostichoides,"
"Lindera benzoin,"
"Rubus occidentalis,"
"Stachys latidens,"
"Amyris elemifera,"
"Argythamnia fasciculata,"
"Capparis hastata,"
"Coccoloba diversifolia,"
"Croton flavens,"
"Eugenia ligustrina,"
"Eugenia rhombea,"
"Guettarda krugii,"
"Guaiacum officinale,"
"Gymnanthes lucida,"
"Helicteres jamaicensis,"
"Krugiodendron ferreum,"
"Bursera simaruba,"
"Commelina diffusa,"
"Coccoloba microstachya,"
"Distictis lactiflora,"
"Guaiacum sanctum,"
"Pisonia albida,"
"Pithecellobium unguis-cati,"
"Schaefferia frutescens,"
"Serjania polyphylla,"
"Tournefortia volubilis,"
"Convolvulus nodiflorus,"
"Sideroxylon obovatum,"
"Stigmaphyllon emarginatum,"
"Stachytarpheta jamaicensis,"
"Bourreria succulenta,"
"Capparis indica,"
"Croton lucidus,"
"Exostema caribaeum,"
"Lasiacis divaricata,"
"Leucaena leucocephala,"
"Sida cordifolia,"
"Siphonoglossa sessilis,"
"Thouinia striata,"
"Celosia nitida,"
"Hibiscus phoeniceus,"
"Gouania lupuloides,"
"Ipomoea steudelii,"
"Eugenia foetida,"
"Guettarda elliptica,"
"Macfadyena unguis-cati,"
"Tragia volubilis,"
"Coccoloba krugii,"
"Urochloa maxima,"
"Leptocereus quadricostatus,"
"Croton discolor,"
"Bernardia dichotoma,"
"Zapoteca portoricensis,"
"Erythroxylum areolatum,"
"Heteropterys purpurea,"
"Samyda dodecandra,"
"Zanthoxylum monophyllum,"
"Coursetia caribaea,"
"Zamia portoricensis,"
"Colubrina elliptica,"
"Pictetia aculeata,"
"Tillandsia recurvata,"
"Argythamnia candicans,"
"Teramnus labialis,"
"Passiflora suberosa,"
"Centrosema virginianum,"
"Dalechampia scandens,"
"Randia aculeata,"
"Oeceoclades maculata,"
"Desmodium tortuosum,"
"Acacia retusa,"
"Bucida buceras,"
"Comocladia dodonaea,"
"Lantana exarata,"
"Rochefortia acanthophora,"
"Cassine xylocarpa,"
"Colubrina arborescens,"
"Setaria setosa,"
"Passiflora edulis,"
"Antirhea lucida,"
"Bellemerea diamarta,"
"Cosmos caudatus,"
"Canella winterana,"
"Jacquinia berteroi,"
"Antirhea acutata,"
"Erithalis fruticosa,"
"Pilosocereus royenii,"
"Stylosanthes hamata,"
"Anthurium crenatum,"
"Capparis flexuosa,"
"Crotalaria lotifolia,"
"Eugenia xerophytica,"
"Reynosia uncinata,"
"Sporobolus indicus,"
"Zanthoxylum flavum,"
"Plumeria alba,"
"Crossopetalum rhacoma,"
"Vanilla barbellata,"
"Cordia bahamensis,"
"Chiococca alba,"
"Hypelate trifoliata,"
"Tabebuia heterophylla,"
"Hirtella triandra,"
"Stenandrium tuberosum,"
"Jacquinia armillaris,"
"Ipomoea imperati,"
"Gyminda latifolia,"
"Phyllanthus epiphyllanthus,"
"Jacquemontia cumanensis,"
"Capparis cynophallophora,"
"Pisonia aculeata,"
"Tillandsia fasciculata,"
"Pithecellobium dulce,"
"Croton betulinus,"
"Clusia rosea,"
"Cordia alliodora,"
"Mesadenus lucayanus,"
"Chamaesyce articulata,"
"Eugenia axillaris,"
"Erythroxylum rotundifolium,"
"Commelina diffusa,"
"Psychilis krugii,"
"Sida jamaicensis,"
"Turnera diffusa,"
"Ficus citrifolia,"
"Galactia dubia,"
"Jasminum fluminense,"
"Reynosia guama,"
"Ayenia insulicola,"
"Bourreria virgata,"
"Corchorus hirtus,"
"Sideroxylon salicifolium,"
"Passiflora bilobata,"
"Chromolaena sinuata,"
"Piptocoma acevedoi,"
"Pilophorus robustus,"
"Prestonia agglutinata,"
"Wedelia fruticosa,"
"Leucothrinax morrisii,"
"Swietenia mahagoni,"
"Bastardia viscosa,"
"Machaonia portoricensis,"
"Opuntia triacantha,"
"Manihot esculenta,"
"Jacquemontia solanifolia,"
"Pseudabutilon umbellatum,"
"Opuntia repens,"
"Erythroxylum brevipes,"
"Rivina humilis,"
"Wissadula amplissima,"
"Ipomoea nil,"
"Melochia tomentosa,"
"Helianthus annuus,"
"Matelea maritima,"
"Lantana reticulata,"
"Lantana camara,"
"Myrcianthes fragrans,"
"Hypotrachyna thysanota,"
"Jatropha hernandiifolia,"
"Duranta erecta,"
"Eugenia monticola,"
"Savia sessiliflora,"
"Consolea rubescens,"
"Randia portoricensis,"
"Spermacoce confusa,"
"Opuntia dillenii,"
"Corchorus hirsutus,"
"Forestiera segregata,"
"Acacia farnesiana,"
"Pseudanamomis umbellulifera,"
"Ruellia tuberosa,"
"Canna indica,"
"Tamarindus indica,"
"Senna siamea,"
"Cissus obovata,"
"Cordia rupicola,"
"Ximenia americana,"
"Polygala penaea,"
"Thouinia striata,"
"Krameria ixine,"
"Cynanchum lineare,"
"Chamaesyce thymifolia,"
"Guapira fragrans,"
"Scopelophila ligulata,"
"Phoradendron anceps,"
"Guapira discolor,"
"Rondeletia inermis,"
"Sida abutifolia,"
"Colubrina verrucosa,"
"Diodia apiculata,"
"Rauvolfia viridis,"
"Coenogonium missouriense,"
"Melocactus intortus,"
"Poitea florida,"
"Poitea paucifolia,"
"Guapira obtusata,"
"Wedelia lanceolata,"
"Ocimum campechianum,"
"Sida glabra,"
"Porophyllum leiocarpum,"
"Salvia serotina,"
"Euphorbia petiolaris,"
"Abrus precatorius,"
"Adelia ricinella,"
"Senna uniflora,"
"Catesbaea parviflora,"
"Rorippa indica,"
"Rauvolfia nitida,"
"Ichnanthus pallens,"
"Talinum triangulare,"
"Crotalaria trichotoma,"
"Abutilon hirtum,"
"Jatropha gossypiifolia,"
"Spigelia anthelmia,"
"Jatropha curcas,"
"Erythroxylum rufum,"
"Crotalaria verrucosa,"
"Tephrosia senna,"
"Chrysophyllum argenteum,"
"Lepidium virginicum,"
"Cinnamomum verum,"
"Sporobolus indicus,"
"Bunchosia glandulosa,"
"Cissus verticillata,"
"Amaranthus dubius,"
"Anemone quinquefolia,"
"Gaylussacia baccata,"
"Forsythia ovata,"
"Rubus allegheniensis,"
"Melampyrum lineare,"
"Polygala paucifolia,"
"Hieracium scabrum,"
"Corylus cornuta,"
"Carex pensylvanica,"
"Vitis aestivalis,"
"Erigeron philadelphicus,"
"Prenanthes trifoliolata,"
"Smilax herbacea,"
"Brachyelytrum aristosum,"
"Corylus americana,"
"Frangula alnus,"
"Prunus virginiana,"
"Rubus vermontanus,"
"Vitis labrusca,"
"Amaranthus arenicola,"
"Chelidonium majus,"
"Erechtites hieraciifolia,"
"Lysimachia punctata,"
"Cornus sericea,"
"Bartonia virginica,"
"Cornus racemosa,"
"Dichanthelium latifolium,"
"Amaranthus albus,"
"Symphyotrichum racemosum,"
"Viola sagittata,"
"Gaylussacia frondosa,"
"Photinia floribunda,"
"Photinia melanocarpa,"
"Photinia pyrifolia,"
"Comptonia peregrina,"
"Apocynum androsaemifolium,"
"Lysimachia terrestris,"
"Rubus setosus,"
"Lysimachia vulgaris,"
"Fragaria vesca,"
"Rhamnus cathartica,"
"Dryopteris ×separabilis,"
"Lonicera tatarica,"
"Solidago rugosa,"
"Sesamum orientale,"
"Polygonum arifolium,"
"Polygonum sagittatum,"
"Carex echinata,"
"Osmunda regalis,"
"Phragmites australis,"
"Spiraea alba,"
"Alnus serrulata,"
"Scirpus atrovirens,"
"Carex debilis,"
"Thelypteris palustris,"
"Cardamine pensylvanica,"
"Scutellaria lateriflora,"
"Ludwigia palustris,"
"Dryopteris ×boottii,"
"Toxicodendron vernix,"
"Symphyotrichum lanceolatum,"
"Epilobium ciliatum,"
"Symphyotrichum lanceolatum,"
"Carex intumescens,"
"Eupatorium perfoliatum,"
"Solidago uliginosa,"
"Lythrum salicaria,"
"Lycopus americanus,"
"Eupatorium perfoliatum,"
"Mimulus ringens,"
"Solidago gigantea,"
"Lycopus uniflorus,"
"Epilobium coloratum,"
"Carex atlantica,"
"Viola labradorica,"
"Carex folliculata,"
"Carex lurida,"
"Spiraea alba,"
"Veronica officinalis,"
"Panax trifolius,"
"Tiarella cordifolia,"
"Rubus semisetosus,"
"Poa alsodes,"
"Carex digitalis,"
"Tilia cordata,"
"Symplocarpus foetidus,"
"Campanula glomerata,"
"Iris versicolor,"
"Luzula echinata,"
"Thalictrum dioicum,"
"Carex gracillima,"
"Luzula multiflora,"
"Symphyotrichum undulatum,"
"Hepatica nobilis,"
"Thalictrum pubescens,"
"Streptopus lanceolatus,"
"Quercus ×rehderi,"
"Spiraea tomentosa,"
"Triadenum virginicum,"
"Viburnum recognitum,"
"Rubus recurvicaulis,"
"Viburnum lantana,"
"Dichanthelium acuminatum,"
"Asclepias incarnata,"
"Carex debilis,"
"Rubus allegheniensis,"
"Euonymus alatus,"
"Malus pumila,"
"Polemonium caeruleum,"
"Drosera rotundifolia,"
"Hydrocotyle americana,"
"Dulichium arundinaceum,"
"Carex ovalis,"
"Carex utriculata,"
"Carex canescens,"
"Leersia oryzoides,"
"Scirpus cyperinus,"
"Dichanthelium dichotomum,"
"Glyceria melicaria,"
"Carex crinita,"
"Carex debilis,"
"Rubus pubescens,"
"Veratrum viride,"
"Viola cucullata,"
"Epipactis helleborine,"
"Toxicodendron radicans,"
"Rosa palustris,"
"Rosa carolina,"
"Rosa carolina,"
"Carex leptalea,"
"Packera aurea,"
"Artemisia tridentata,"
"Carex pallescens,"
"Euonymus alatus,"
"Pastinaca sativa,"
"Phacelia viscida,"
"Rubus idaeus,"
"Lolium perenne,"
"Digitalis purpurea,"
"Digitalis lanata,"
"Spiraea alba,"
"Galium trifidum,"
"Ligustrum obtusifolium,"
"Agrostis hyemalis,"
"Carex stricta,"
"Lycopus virginicus,"
"Dichanthelium boreale,"
"Carex communis,"
"Scutellaria lateriflora,"
"Kobresia simpliciuscula,"
"Carex macrochaeta,"
"Rumex arcticus,"
"Dodecatheon frigidum,"
"Poa arctica,"
"Salix pulchra/richardsonii,"
"Carex microchaeta,"
"Platanthera obtusata,"
"Moneses uniflora,"
"Juncus castaneus,"
"Juncus triglumis,"
"Empetrum nigrum,"
"Andromeda polifolia,"
"Carex membranacea,"
"Salix reticulata,"
"Saxifraga nelsoniana,"
"Carex loliacea,"
"Ranunculus hyperboreus,"
"Trientalis europaea,"
"Antennaria friesiana,"
"Antennaria rosea,"
"Taraxacum phymatocarpum,"
"Tofieldia coccinea,"
"Salix polaris,"
"Carex capillaris,"
"Carex brunnescens,"
"Adoxa moschatellina,"
"Cardamine pratensis,"
"Salix pseudomyrsinites,"
"Artemisia tilesii,"
"Artemisia alaskana,"
"Rumex acetosa,"
"Cirsium horridulum,"
"Euphorbia pubentissima,"
"Helianthemum corymbosum,"
"Hieracium gronovii,"
"Mimosa quadrivalvis,"
"Seymeria cassioides,"
"Cnidoscolus urens,"
"Asimina angustifolia,"
"Eupatorium glaucescens,"
"Eupatorium leucolepis,"
"Helianthella californica,"
"Crotalaria rotundifolia,"
"Houstonia procumbens,"
"Piriqueta cistoides,"
"Desmodium lineatum,"
"Pityopsis graminifolia,"
"Polygala grandiflora,"
"Celtis tenuifolia,"
"Desmodium floridanum,"
"Dyschoriste oblongifolia,"
"Vernonia angustifolia,"
"Dichanthelium strigosum,"
"Elephantopus elatus,"
"Eupatorium hyssopifolium,"
"Lactuca graminifolia,"
"Dichanthelium aciculare,"
"Dichanthelium ovale,"
"Hieracium gracile,"
"Chamaesyce hyssopifolia,"
"Cyperus filiformis,"
"Salvia lyrata,"
"Asclepias michauxii,"
"Oxalis albicans,"
"Symphyotrichum dumosum,"
"Tragia urens,"
"Oxalis corniculata,"
"Pediomelum canescens,"
"Dendrophthora flagelliformis,"
"Erechtites glomerata,"
"Axonopus fissifolius,"
"Lechea minor,"
"Tephrosia florida,"
"Cymopterus planosus,"
"Symphyotrichum concolor,"
"Symphyotrichum lanceolatum,"
"Diodia teres,"
"Wahlenbergia marginata,"
"Vaccinium myrsinites,"
"Galactia regularis,"
"Cnidoscolus urens,"
"Lactuca floridana,"
"Rumex hastatulus,"
"Cyperus filicinus,"
"Acacia greggii,"
"Solanum campechiense,"
"Conyza bonariensis,"
"Scutellaria integrifolia,"
"Sabal causiarum,"
"Asclepias humistrata,"
"Prunus umbellata,"
"Pinus elliottii,"
"Croptilon divaricatum,"
"Dichanthelium consanguineum,"
"Machaeranthera asteroides,"
"Puccinellia lemmonii,"
"Townsendia grandiflora,"
"Tradescantia hirsutiflora,"
"Aristida beyrichiana,"
"Astragalus michauxii,"
"Gamochaeta coarctata,"
"Galactia erecta,"
"Desmodium marilandicum,"
"Scutellaria multiglandulosa,"
"Andropogon capillipes,"
"Antennaria dimorpha,"
"Sericocarpus tortifolius,"
"Helianthemum carolinianum,"
"Chrysopsis mariana,"
"Sisyrinchium xerophyllum,"
"Stylodon carneus,"
"Chrysopsis gossypina,"
"Eupatorium rotundifolium,"
"Eupatorium mohrii,"
"Melilotus indicus,"
"Commelina erecta,"
"Freesia laxa,"
"Eupatorium compositifolium,"
"Hibiscus grandiflorus,"
"Jacquemontia tamnifolia,"
"Galium mollugo,"
"Quercus margaretta,"
"Gaura filipes,"
"Galactia mollis,"
"Sorghastrum secundum,"
"Galium obtusum,"
"Verbesina aristata,"
"Eupatorium album,"
"Ionactis linariifolius,"
"Polypremum procumbens,"
"Symphyotrichum adnatum,"
"Carex albolutescens,"
"Rhynchosia reniformis,"
"Tragia smallii,"
"Quercus incana,"
"Ageratina aromatica,"
"Helianthus angustifolius,"
"Dichanthelium commutatum,"
"Strophostyles umbellata,"
"Ageratina jucunda,"
"Desmodium incanum,"
"Vaccinium darrowii,"
"Eupatorium semiserratum,"
"Eupatorium rotundifolium,"
"Croton argyranthemus,"
"Liatris elegans,"
"Silphium asteriscus,"
"Desmodium strictum,"
"Hyptis alata,"
"Rhynchosia difformis,"
"Stillingia sylvatica,"
"Triadenum walteri,"
"Vernicia fordii,"
"Dalea carnea,"
"Liatris tenuifolia,"
"Gaylussacia dumosa,"
"Dahlia pinnata,"
"Stylisma humistrata,"
"Stellaria humifusa,"
"Rhynchosia tomentosa,"
"Crataegus flava,"
"Axonopus furcatus,"
"Spiraea prunifolia,"
"Viola ×primulifolia,"
"Viola septemloba,"
"Spiranthes praecox,"
"Schizachyrium tenerum,"
"Habenaria quinqueseta,"
"Manfreda virginica,"
"Physalis walteri,"
"Saccharum alopecuroides,"
"Muhlenbergia capillaris,"
"Crotalaria purshii,"
"Hypoxis wrightii,"
"Stephanomeria virgata,"
"Anthaenantia villosa,"
"Eupatorium pilosum,"
"Quercus gambelii,"
"Chamaesyce laredana,"
"Muhlenbergia mexicana,"
"Asclepias longifolia,"
"Noccaea fendleri,"
"Spergularia diandra,"
"Sabatia macrophylla,"
"Smilax pumila,"
"Betula nigra,"
"Tillandsia usneoides,"
"Aesculus pavia,"
"Kyllinga odorata,"
"Stylisma patens,"
"Calochortus amabilis,"
"Helianthus radula,"
"Fraxinus caroliniana,"
"Lysimachia remyi,"
"Quercus geminata,"
"Croton michauxii,"
"Melica mutica,"
"Symphyotrichum urophyllum,"
"Crataegus uniflora,"
"Hymenocallis occidentalis,"
"Serenoa repens,"
"Ilex cassine,"
"Vaccinium elliottii,"
"Hypoxis juncea,"
"Eragrostis elliottii,"
"Delphinium inopinum,"
"Zornia bracteata,"
"Chasmanthium sessiliflorum,"
"Bidens alba,"
"Seymeria pectinata,"
"Silphium compositum,"
"Rumex frutescens,"
"Bulbostylis ciliatifolia,"
"Eubotrys racemosa,"
"Chasmanthium laxum,"
"Dichanthelium dichotomum,"
"Ipomoea quamoclit,"
"Urochloa texana,"
"Richardia scabra,"
"Sorghum bicolor,"
"Indigofera hirsuta,"
"Hypericum gentianoides,"
"Agalinis fasciculata,"
"Digitaria bicornis,"
"Arachis hypogaea,"
"Urochloa ramosa,"
"Raphanus sativus,"
"Scoparia dulcis,"
"Sida elliottii,"
"Sida rhombifolia,"
"Lupinus villosus,"
"Dichanthelium erectifolium,"
"Pennisetum villosum,"
"Sphenopholis filiformis,"
"Liatris tenuifolia,"
"Cyperus grayi,"
"Eriogonum tomentosum,"
"Scleria reticularis,"
"Tephrosia ×floridana,"
"Polygonum scandens,"
"Physalis hederifolia,"
"Funastrum cynanchoides,"
"Callisia graminea,"
"Achnatherum nelsonii,"
"Lygodesmia aphylla,"
"Amelanchier canadensis,"
"Dichanthelium strigosum,"
"Gaylussacia tomentosa,"
"Lemna minor,"
"Liatris pilosa,"
"Solidago tortifolia,"
"Dalea obovata,"
"Scutellaria incana,"
"Lechea sessiliflora,"
"Liatris gracilis,"
"Sorghastrum elliottii,"
"Gaylussacia mosieri,"
"Sphaeralcea coccinea,"
"Galactia elliottii,"
"Liatris elegantula,"
"Rubus canadensis,"
"Eupatorium ×pinnatifidum,"
"Tetraneuris grandiflora,"
"Cirsium horridulum,"
"Astragalus reflexus,"
"Rhexia mariana,"
"Stachys bigelovii,"
"Rhexia nashii,"
"Dalea pinnata,"
"Bidens bipinnata,"
"Carex longii,"
"Digitaria filiformis,"
"Hypericum crux-andreae,"
"Ipomoea cordatotriloba,"
"Pinus echinata,"
"Calochortus catalinae,"
"Quercus georgiana,"
"Pinus clausa,"
"Plantago heterophylla,"
"Nephrolepis cordifolia,"
"Cheilanthes notholaenoides,"
"Symphyotrichum dumosum,"
"Sorghum bicolor,"
"Stylisma patens,"
"Hymenothrix wrightii,"
"Muntingia calabura,"
"Ipomoea barbatisepala,"
"Rottboellia cochinchinensis,"
"Cyperus lupulinus,"
"Oxalis rubra,"
"Rhododendron cumberlandense,"
"Saccharum giganteum,"
"Euphorbia tetrapora,"
"Desmodium tenuifolium,"
"Phacelia grandiflora,"
"Melinis repens,"
"Galactia pinetorum,"
"Rhodomyrtus tomentosa,"
"Chamaesyce hypericifolia,"
"Artemisia serrata,"
"Lesquerella angustifolia,"
"Verbesina heterophylla,"
"Crataegus ×anomala,"
"Pleopeltis polylepis,"
"Striga asiatica,"
"Asimina reticulata,"
"Sideroxylon tenax,"
"Agrimonia gryposepala,"
"Quercus ×macnabiana,"
"Descurainia pinnata,"
"Yucca filamentosa,"
"Digitaria eriantha,"
"Gaura biennis,"
"Pityopsis oligantha,"
"Smilax lasioneura,"
"Desmodium triflorum,"
"Coreopsis lanceolata,"
"Stellaria umbellata,"
"Lechea torreyi,"
"Dalea albida,"
"Desmodium procumbens,"
"Euphorbia texana,"
"Pennisetum purpureum,"
"Bulbostylis warei,"
"Polygala polygama,"
"Hypericum myrtifolium,"
"Sporobolus floridanus,"
"Galium uniflorum,"
"Dicentra canadensis,"
"Leptochloa dubia,"
"Cymbopogon refractus,"
"Buchnera americana,"
"Digitaria violascens,"
"Aletris obovata,"
"Penstemon laevigatus,"
"Hypericum cistifolium,"
"Digitaria texana,"
"Penstemon australis,"
"Cyperus flavescens,"
"Chamaesyce maculata,"
"Pennisetum ciliare,"
"Desmodium lindheimeri,"
"Carphephorus odoratissimus,"
"Cuscuta compacta,"
"Paronychia rugelii,"
"Eustachys neglecta,"
"Ipomoea triloba,"
"Amaranthus palmeri,"
"Cyperus polystachyos,"
"Euphorbia heterophylla,"
"Oenothera biennis,"
"Brassica juncea,"
"Cenchrus echinatus,"
"Vaccinium tenellum,"
"Chasmanthium nitidum,"
"Ipomoea hederifolia,"
"Eryngium yuccifolium,"
"Cryptantha paysonii,"
"Dioscorea floridana,"
"Ilex ambigua,"
"Clematis reticulata,"
"Calochortus amoenus,"
"Halesia diptera,"
"Persea palustris,"
"Centaurea virgata,"
"Ilex glabra,"
"Butia capitata,"
"Pterocaulon pycnostachyum,"
"Piptochaetium avenaceum,"
"Dactyloctenium aegyptium,"
"Descurainia incana,"
"Tridens flavus,"
"Galactia floridana,"
"Solidago auriculata,"
"Pennisetum glaucum,"
"Triumfetta semitriloba,"
"Symphyotrichum oblongifolium,"
"Cyperus croceus,"
"Gamochaeta americana,"
"Paronychia setacea,"
"Tridens flavus,"
"Ageratum houstonianum,"
"Euphorbia curtisii,"
"Pinus glabra,"
"Oplismenus hirtellus,"
"Penstemon multiflorus,"
"Setaria magna,"
"Eremochloa ophiuroides,"
"Paronychia baldwinii,"
"Crotalaria juncea,"
"Juncus dichotomus,"
"Corymbia calophylla,"
"Oxalis debilis,"
"Panicum rigidulum,"
"Cymodocea filiformis,"
"Diplazium striatum,"
"Schinus terebinthifolius,"
"Liatris pauciflora,"
"Scutellaria incana,"
"Hymenocallis crassifolia,"
"Rhynchosia cinerea,"
"Hybanthus linearifolius,"
"Erythrina herbacea,"
"Oldenlandia uniflora,"
"Cyperus eragrostis,"
"Verbena incompta,"
"Eupatorium leptophyllum,"
"Parapholis incurva,"
"Forestiera acuminata,"
"Desmodium perplexum,"
"Nothoscordum bivalve,"
"Dioscorea bulbifera,"
"Acer grandidentatum,"
"Chamaesyce lata,"
"Chenopodium incanum,"
"Crataegus punctata,"
"Andropogon virginicus,"
"Eleocharis elongata,"
"Quercus ×venulosa,"
"Pseudocydonia sinensis,"
"Phacelia coerulea,"
"Astragalus crassicarpus,"
"Carex caroliniana,"
"Callitriche heterophylla,"
"Persea borbonia,"
"Packera tomentosa,"
"Quercus minima,"
"Hypericum suffruticosum,"
"Tiquilia canescens,"
"Polygala boykinii,"
"Sticta sylvatica,"
"Desmodium glutinosum,"
"Rudbeckia mollis,"
"Aristida lanosa,"
"Indigofera caroliniana,"
"Quercus pumila,"
"Linum floridanum,"
"Dichromanthus cinnabarinus,"
"Ludwigia hirtella,"
"Pseudognaphalium luteoalbum,"
"Pycnanthemum albescens,"
"Amelanchier utahensis,"
"Trifolium dubium,"
"Desmanthus obtusus,"
"Clematis glaucophylla,"
"Magnolia virginiana,"
"Dyschoriste angusta,"
"Sideroxylon lanuginosum,"
"Ctenium aromaticum,"
"Froelichia floridana,"
"Viburnum dentatum,"
"Viola lanceolata,"
"Symphyotrichum pilosum,"
"Asimina incana,"
"Licania michauxii,"
"Dicerandra linearifolia,"
"Houstonia croftiae,"
"Oxydendrum arboreum,"
"Gaillardia pinnatifida,"
"Dicerandra densiflora,"
"Selinocarpus parvifolius,"
"Orbexilum lupinellum,"
"Salix taxifolia,"
"Selaginella tortipila,"
"Eupatorium hyssopifolium,"
"Ageratina aromatica,"
"Calylophus serrulatus,"
"Comandra umbellata,"
"Dichanthelium villosissimum,"
"Sporobolus heterolepis,"
"Carex meadii,"
"Dichanthelium oligosanthes,"
"Salvia azurea,"
"Symphyotrichum sericeum,"
"Amorpha canescens,"
"Panicum capillare,"
"Carex molesta,"
"Solidago canadensis,"
"Physalis pumila,"
"Baptisia bracteata,"
"Antennaria neglecta,"
"Oligoneuron rigidum,"
"Panicum virgatum,"
"Pediomelum esculentum,"
"Sisyrinchium campestre,"
"Viola pedatifida,"
"Baptisia australis,"
"Mirabilis albida,"
"Oenothera macrocarpa,"
"Verbena stricta,"
"Packera plattensis,"
"Acalypha virginica,"
"Glandularia canadensis,"
"Symphyotrichum laeve,"
"Symphyotrichum praealtum,"
"Euphorbia davidii,"
"Hymenopappus scabiosaeus,"
"Scutellaria parvula,"
"Desmodium illinoense,"
"Euphorbia marginata,"
"Lepidium densiflorum,"
"Cirsium altissimum,"
"Eleocharis erythropoda,"
"Ribes missouriense,"
"Carex grisea,"
"Elymus villosus,"
"Sanicula odorata,"
"Celastrus scandens,"
"Galium concinnum,"
"Pycnanthemum tenuifolium,"
"Vitis riparia,"
"Carex oligocarpa,"
"Ruellia strepens,"
"Solidago nemoralis,"
"Cuscuta indecora,"
"Solanum ptycanthum,"
"Solanum rostratum,"
"Zanthoxylum americanum,"
"Muhlenbergia racemosa,"
"Carex bushii,"
"Carex gravida,"
"Mirabilis nyctaginea,"
"Androsace occidentalis,"
"Setaria viridis,"
"Chamaesyce serpens,"
"Bouteloua curtipendula,"
"Elymus virginicus,"
"Carex inops,"
"Xanthium strumarium,"
"Rumex altissimus,"
"Juncus torreyi,"
"Muhlenbergia bushii,"
"Verbena hastata,"
"Spartina pectinata,"
"Eleocharis compressa,"
"Eleocharis compressa,"
"Ammannia coccinea,"
"Populus deltoides,"
"Polygonum punctatum,"
"Spartina gracilis,"
"Viola missouriensis,"
"Amaranthus tuberculatus,"
"Baptisia australis,"
"Symphyotrichum robynsianum,"
"Sphenopholis obtusata,"
"Helianthus hirsutus,"
"Galium circaezans,"
"Helianthus tuberosus,"
"Euphorbia cyathophora,"
"Trichostema brachiatum,"
"Oligoneuron rigidum,"
"Stenaria nigricans,"
"Schizachyrium littorale,"
"Astragalus plattensis,"
"Cydonia oblonga,"
"Agalinis densiflora,"
"Allium stellatum,"
"Oenothera villosa,"
"Dichanthelium villosissimum,"
"Physalis longifolia,"
"Schizachyrium scoparium,"
"Onosmodium bejariense,"
"Yucca glauca,"
"Muhlenbergia sobolifera,"
"Armoracia rusticana,"
"Bromus inermis,"
"Calystegia macounii,"
"Porotrichum vancouveriense,"
"Brugmansia ×candida,"
"Symphyotrichum laeve,"
"Helianthus pauciflorus,"
"Kummerowia stipulacea,"
"Onosmodium bejariense,"
"Cirsium undulatum,"
"Ageratina altissima,"
"Rubus laudatus,"
"Bidens aristosa,"
"Carex bicknellii,"
"Scirpus pendulus,"
"Juncus dudleyi,"
"Carex hystericina,"
"Crataegus mollis,"
"Helianthus pauciflorus,"
"Hieracium longipilum,"
"Cyperus esculentus,"
"Helianthus mollis,"
"Solidago nemoralis,"
"Pascopyrum smithii,"
"Zizia aurea,"
"Quercus macrocarpa,"
"Astragalus lotiflorus,"
"Symphyotrichum drummondii,"
"Fraxinus americana/pennsylvanica,"
"Euonymus atropurpureus,"
"Gymnocladus dioicus,"
"Polygonum scandens,"
"Triosteum perfoliatum,"
"Geranium molle,"
"Chenopodium pallescens,"
"Chenopodium berlandieri,"
"Lobularia maritima,"
"Corydalis micrantha,"
"Erysimum marschallianum,"
"Chenopodium standleyanum,"
"Vernonia baldwinii,"
"Chenopodium simplex,"
"Cooperia drummondii,"
"Oligoneuron rigidum,"
"Ceanothus americanus,"
"Ratibida pinnata,"
"Glycyrrhiza lepidota,"
"Salvia urticifolia,"
"Eclipta prostrata,"
"Cyperus virens,"
"Mecardonia acuminata,"
"Eryngium prostratum,"
"Carex microrhyncha,"
"Sesbania herbacea,"
"Hydrangea quercifolia,"
"Glyceria declinata,"
"Talinum paniculatum,"
"Carex abscondita,"
"Gaga kaulfussii,"
"Cuphea carthagenensis,"
"Amaranthus greggii,"
"Nyssa aquatica,"
"Panicum dichotomiflorum,"
"Samolus valerandi,"
"Rhododendron canescens,"
"Macrothelypteris torresiana,"
"Botrychium lunarioides,"
"Adiantum capillus-veneris,"
"Mimulus floribundus,"
"Castanea pumila,"
"Elaeagnus pungens,"
"Dichanthelium boscii,"
"Rhododendron viscosum,"
"Scleria triglomerata,"
"Deschampsia flexuosa,"
"Anemone lancifolia,"
"Polygonum hydropiper,"
"Ribes cynosbati,"
"Silene stellata,"
"Hieracium greenii,"
"Bromus nottowayanus,"
"Gillenia trifoliata,"
"Solidago bicolor,"
"Coreopsis major,"
"Galium latifolium,"
"Osmunda claytoniana,"
"Hieracium paniculatum,"
"Pycnanthemum incanum,"
"Ilex verticillata,"
"Lycopodium digitatum,"
"Asclepias variegata,"
"Packera obovata,"
"Dryopteris goldiana,"
"Lappula occidentalis,"
"Oenothera albicaulis,"
"Pleuraphis jamesii,"
"Atriplex canescens,"
"Descurainia sophia,"
"Phacelia ivesiana,"
"Sphaeralcea parvifolia,"
"Elymus elymoides,"
"Mentzelia albicaulis,"
"Chaetopappa ericoides,"
"Packera multilobata,"
"Erodium cicutarium,"
"Tragopogon dubius,"
"Chaenactis stevioides,"
"Pediocactus simpsonii,"
"Ephedra viridis,"
"Ephedra torreyana,"
"Cymopterus acaulis,"
"Ipomopsis pumila,"
"Purshia stansburiana,"
"Streptanthus cordatus,"
"Ipomopsis congesta,"
"Phoradendron juniperinum,"
"Echinocereus triglochidiatus,"
"Physaria acutifolia,"
"Streptanthus cordatus,"
"Arceuthobium divaricatum,"
"Pinus edulis,"
"Cercocarpus montanus,"
"Cleome lutea,"
"Vulpia octoflora,"
"Salsola tragus,"
"Oenothera pallida,"
"Sporobolus contractus,"
"Abronia fragrans,"
"Malacothrix sonchoides,"
"Ipomopsis longiflora,"
"Stephanomeria exigua,"
"Helianthus petiolaris,"
"Streptanthella longirostris,"
"Orobanche ludoviciana,"
"Agropyron cristatum,"
"Calochortus nuttallii,"
"Orobanche fasciculata,"
"Aliciella hutchinsifolia,"
"Phlox longifolia,"
"Poa fendleriana,"
"Lepidium montanum,"
"Gutierrezia microcephala,"
"Muhlenbergia pungens,"
"Townsendia incana,"
"Mahonia fremontii,"
"Artemisia frigida,"
"Larix occidentalis,"
"Townsendia jonesii,"
"Oenothera acutissima,"
"Delphinium scaposum,"
"Chrysothamnus viscidiflorus,"
"Sisymbrium altissimum,"
"Arenaria aculeata,"
"Giliastrum incisum,"
"Machaeranthera canescens,"
"Corydalis aurea,"
"Eriogonum corymbosum,"
"Eriogonum corymbosum,"
"Cryptantha flava,"
"Eriogonum ovalifolium,"
"Lupinus brevicaulis,"
"Solanum triflorum,"
"Camissonia brevipes,"
"Ipomoea longifolia,"
"Erigeron bellidiastrum,"
"Sporobolus flexuosus,"
"Physaria chambersii,"
"Purshia tridentata,"
"Ceratocephala testiculata,"
"Phlox hoodii,"
"Marrubium vulgare,"
"Arabis pulchra,"
"Schoenocrambe linifolia,"
"Asclepias cryptoceras,"
"Mirabilis multiflora,"
"Phaseolus acutifolius,"
"Bromus rubens,"
"Hedysarum boreale,"
"Petradoria pumila,"
"Lappula occidentalis,"
"Ephedra cutleri,"
"Arabis puberula,"
"Abies lasiocarpa,"
"Campanula rotundifolia,"
"Picea engelmannii,"
"Abies lasiocarpa,"
"Fragaria virginiana,"
"Vaccinium myrtillus/scoparium,"
"Carex rupestris,"
"Penstemon whippleanus,"
"Pinus contorta,"
"Pinus contorta,"
"Selaginella densa,"
"Achillea millefolium,"
"Chamerion angustifolium,"
"Thermopsis divaricarpa,"
"Pedicularis racemosa,"
"Campanula parryi,"
"Juniperus communis,"
"Arabis drummondii,"
"Poa cusickii,"
"Erigeron peregrinus,"
"Arnica cordifolia,"
"Hieracium gracile,"
"Pedicularis racemosa,"
"Ribes montigenum,"
"Noccaea fendleri,"
"Trifolium dasyphyllum,"
"Antennaria umbrinella,"
"Arnica rydbergii,"
"Rosa woodsii,"
"Oreochrysum parryi,"
"Pinus flexilis,"
"Lonicera involucrata,"
"Lonicera involucrata,"
"Sambucus racemosa,"
"Helictotrichon mortonianum,"
"Heuchera parvifolia,"
"Potentilla ovina,"
"Draba fladnizensis,"
"Gentianopsis barbellata,"
"Primula angustifolia,"
"Erigeron compositus,"
"Poa glauca,"
"Allium geyeri,"
"Arenaria fendleri,"
"Artemisia scopulorum,"
"Draba streptobrachia,"
"Eritrichium nanum,"
"Geum rossii,"
"Lloydia serotina,"
"Oreoxis alpina,"
"Paronychia pulvinata,"
"Phlox pulvinata,"
"Polygonum bistortoides,"
"Poa lettermanii,"
"Silene acaulis,"
"Tetraneuris acaulis,"
"Tonestus pygmaeus,"
"Artemisia pattersonii,"
"Castilleja puberula,"
"Cerastium arvense,"
"Packera cana,"
"Chionophila jamesii,"
"Draba streptocarpa,"
"Eritrichium nanum,"
"Geum rossii,"
"Oreoxis alpina,"
"Castilleja occidentalis,"
"Erysimum capitatum,"
"Androsace septentrionalis,"
"Draba breweri,"
"Festuca brachyphylla,"
"Erigeron simplex,"
"Gentianella amarella,"
"Danthonia intermedia,"
"Mertensia lanceolata,"
"Trifolium parryi,"
"Potentilla nivea/uniflora,"
"Pedicularis parryi,"
"Minuartia rubella,"
"Potentilla diversifolia,"
"Ranunculus adoneus,"
"Juncus drummondii,"
"Castilleja rhexiifolia,"
"Carex geyeri,"
"Carex phaeocephala,"
"Polemonium pulcherrimum,"
"Antennaria media,"
"Trifolium nanum,"
"Pedicularis bracteosa,"
"Poa reflexa,"
"Erigeron eximius,"
"Erigeron eximius/Erigeron,"
"Lewisia pygmaea,"
"Pedicularis groenlandica,"
"Arnica mollis,"
"Carex scopulorum,"
"Elymus scribneri,"
"Polemonium viscosum,"
"Poa cusickii,"
"Saxifraga bronchialis,"
"Potentilla nivea,"
"Carex elynoides/Kobresia,"
"Dryas octopetala,"
"Carex scoparia,"
"Poa alpina/arctica,"
"Poa glauca,"
"Potentilla uniflora,"
"Draba aurea,"
"Potentilla rubricaulis,"
"Pseudocymopterus montanus,"
"Osmorhiza depauperata,"
"Lupinus argenteus,"
"Penstemon glaber,"
"Aquilegia coerulea,"
"Poa tracyi,"
"Mentzelia laciniata,"
"Phleum alpinum,"
"Agrostis mertensii,"
"Poa leptocoma,"
"Saxifraga rhomboidea,"
"Carex ebenea,"
"Draba breweri,"
"Arabis fendleri,"
"Senecio crassulus,"
"Agoseris aurantiaca,"
"Rhodiola integrifolia,"
"Gentiana algida,"
"Saxifraga flagellaris,"
"Poa wheeleri,"
"Sibbaldia procumbens,"
"Veronica wormskjoldii,"
"Corallorhiza maculata,"
"Potentilla pulcherrima,"
"Viola adunca,"
"Angelica grayi,"
"Caltha leptosepala,"
"Thalictrum fendleri,"
"Caltha leptosepala,"
"Oxypolis fendleri,"
"Ligusticum filicinum,"
"Trollius laxus,"
"Bromus ciliatus,"
"Packera fendleri,"
"Potentilla fissa,"
"Potentilla effusa,"
"Carex nova,"
"Erigeron pinnatisectus,"
"Hierochloe hirta,"
"Carex heteroneura,"
"Mertensia ciliata,"
"Allionia incarnata,"
"Cirsium scopulorum,"
"Gentiana parryi,"
"Silene drummondii,"
"Agoseris glauca,"
"Chimaphila umbellata,"
"Crepis nana,"
"Alisma gramineum,"
"Arenaria fendleri,"
"Silene acaulis,"
"Tetraneuris acaulis,"
"Tetraneuris acaulis,"
"Luzula multiflora,"
"Juncus biglumis,"
"Carex pachystachya,"
"Festuca rubra,"
"Festuca minutiflora,"
"Anemone multifida,"
"Valeriana edulis,"
"Potentilla pensylvanica,"
"Erigeron canus,"
"Draba grayana,"
"Draba crassifolia,"
"Physocarpus monogynus,"
"Epilobium leptocarpum,"
"Agrostis humilis,"
"Veronica wormskjoldii,"
"Antennaria rosea,"
"Sedum debile,"
"Cryptogramma acrostichoides,"
"Erigeron melanocephalus,"
"Poa bigelovii,"
"Atriplex confertifolia,"
"Alyssum desertorum,"
"Elymus lanceolatus,"
"Cymopterus purpurascens,"
"Arabis holboellii,"
"Crepis acuminata,"
"Lepidium perfoliatum,"
"Malcolmia africana,"
"Tetradymia canescens,"
"Tetradymia glabrata,"
"Chaenactis douglasii,"
"Poa bulbosa,"
"Erigeron divergens,"
"Allium nevadense,"
"Cardaria draba,"
"Sphaeralcea munroana,"
"Sphaeralcea grossulariifolia,"
"Artemisia nova,"
"Lathyrus brachycalyx,"
"Linanthus pungens,"
"Alyssum alyssoides,"
"Castilleja angustifolia,"
"Linum perenne,"
"Sanguisorba minor,"
"Onobrychis viciifolia,"
"Ipomopsis aggregata,"
"Cryptantha humilis,"
"Lewisia rediviva,"
"Sarcobatus vermiculatus,"
"Collinsia parviflora,"
"Zigadenus paniculatus,"
"Collomia linearis,"
"Collomia tenella,"
"Eriogonum microthecum,"
"Crepis occidentalis,"
"Halogeton glomeratus,"
"Ericameria nauseosa,"
"Allium acuminatum,"
"Perityle stansburyi,"
"Crepis intermedia,"
"Cryptantha flavoculata,"
"Balsamorhiza sagittata,"
"Atriplex argentea,"
"Bromus hordeaceus,"
"Vicia americana,"
"Gilia sinuata,"
"Symphoricarpos oreophilus,"
"Chrysothamnus viscidiflorus,"
"Veronica biloba,"
"Erigeron concinnus,"
"Bassia americana,"
"Phoenicaulis cheiranthoides,"
"Penstemon palmeri,"
"Eriogonum racemosum,"
"Eriogonum umbellatum,"
"Hackelia floribunda,"
"Stenotus acaulis,"
"Castilleja linariifolia,"
"Epilobium brachycarpum,"
"Hackelia patens,"
"Camelina microcarpa,"
"Melica bulbosa,"
"Elymus elymoides,"
"Hexastylis arifolia,"
"Rhododendron periclymenoides,"
"Campanula divaricata,"
"Houstonia caerulea,"
"Scutellaria elliptica,"
"Aureolaria virginica,"
"Lysimachia lanceolata,"
"Brachymenium erectum,"
"Sanguinaria canadensis,"
"Vinca minor,"
"Panicum flexile,"
"Hieracium venosum,"
"Cunila origanoides,"
"Doellingeria infirma,"
"Aureolaria flava,"
"Linum virginianum,"
"Viola rotundifolia,"
"Phoradendron leucarpum,"
"Carya laciniosa,"
"Helianthus decapetalus,"
"Hypericum hypericoides,"
"Smallanthus uvedalius,"
"Pseudognaphalium obtusifolium,"
"Bromus racemosus,"
"Nandina domestica,"
"Triosteum angustifolium,"
"Smilax hugeri,"
"Packera anonyma,"
"Cuscuta gronovii,"
"Cardamine parviflora,"
"Lamium purpureum,"
"Veronicastrum virginicum,"
"Astilbe biternata,"
"Pyrus communis,"
"Pueraria montana,"
"Securigera varia,"
"Mosla dianthera,"
"Acalypha ostryifolia,"
"Ranunculus parviflorus,"
"Arctium minus,"
"Valerianella radiata,"
"Triticum aestivum,"
"Gordonia lasianthus,"
"Tillandsia bartramii,"
"Lyonia lucida,"
"Ilex coriacea,"
"Lyonia ferruginea,"
"Osmanthus americanus,"
"Aeschynomene viscidula,"
"Astranthium integrifolium,"
"Chapmannia floridana,"
"Eryngium aromaticum,"
"Hieracium megacephalon,"
"Arnoglossum floridanum,"
"Carphephorus corymbosus,"
"Schizachyrium scoparium,"
"Stipulicida setacea,"
"Stenotaphrum secundatum,"
"Aristida condensata,"
"Cyperus planifolius,"
"Ruellia caroliniensis,"
"Andropogon ternarius,"
"Eragrostis pectinacea,"
"Sabal etonia,"
"Dichanthelium ovale,"
"Cladium mariscus,"
"Chionanthus ligustrinus,"
"Rhexia virginica,"
"Microseris nutans,"
"Callisia rosea,"
"Sabal palmetto,"
"Berlandiera subacaulis,"
"Solidago sempervirens,"
"Polanisia tenuifolia,"
"Anulocaulis leiosolenus,"
"Croton argenteus,"
"Phoebanthus grandiflorus,"
"Bacopa caroliniana,"
"Vitex rotundifolia,"
"Tephrosia chrysophylla,"
"Quercus ×neopalmeri,"
"Smilax ecirrhata,"
"Solidago odora,"
"Eryngium aquaticum,"
"Aristida floridana,"
"Aristida purpurascens,"
"Stylisma patens,"
"Piriqueta cistoides,"
"Ilex myrtifolia,"
"Andropogon glaucopsis,"
"Polygonella polygama,"
"Lycopodiella prostrata,"
"Cryptantha pusilla,"
"Andropogon glomeratus,"
"Balduina angustifolia,"
"Pectis papposa,"
"Aristida mohrii,"
"Aristida gyrans,"
"Quercus chapmanii,"
"Selaginella viridissima,"
"Streptanthus carinatus,"
"Andropogon brachystachyus,"
"Quercus imbricaria,"
"Evolvulus sericeus,"
"Physalis arenicola,"
"Aristida palustris,"
"Digitaria longiflora,"
"Asclepias tomentosa,"
"Dalea pinnata,"
"Carex bromoides,"
"Ludwigia peruviana,"
"Peltandra virginica,"
"Decodon verticillatus,"
"Pontederia cordata,"
"Acourtia runcinata,"
"Delphinium carolinianum,"
"Cayaponia americana,"
"Habenaria repens,"
"Centella erecta,"
"Tibouchina urvilleana,"
"Pleopeltis polypodioides,"
"Hypoxis curtissii,"
"Bejaria racemosa,"
"Phlox maculata,"
"Amphicarpum muehlenbergianum,"
"Paronychia americana,"
"Drosera capillaris,"
"Polygala rugelii,"
"Rhexia nuttallii,"
"Syngonanthus flavidulus,"
"Xyris caroliniana,"
"Conyza canadensis,"
"Crotalaria lanceolata,"
"Lachnocaulon anceps,"
"Centella asiatica,"
"Xyris smalliana,"
"Fimbristylis dichotoma,"
"Phialanthus grandifolius,"
"Capparis incana,"
"Tradescantia roseolens,"
"Cryptantha flaccida,"
"Sporobolus compositus,"
"Cyperus lecontei,"
"Vaccinium fuscatum,"
"Pinus remota,"
"Limnophila ×ludoviciana,"
"Xyris drummondii,"
"Ceanothus connivens,"
"Nymphaea odorata,"
"Hypericum tetrapetalum,"
"Euphorbia brachycera,"
"Hypochaeris brasiliensis,"
"Lachnocaulon minus,"
"Hypericum fasciculatum,"
"Pluchea rosea,"
"Ludwigia leptocarpa,"
"Ludwigia virgata,"
"Linum carteri,"
"Hypericum tenuifolium,"
"Aureolaria flava,"
"Ludwigia suffruticosa,"
"Asimina obovata,"
"Rhabdadenia biflora,"
"Cladium mariscoides,"
"Calochortus greenei,"
"Callisia ornata,"
"Liatris tenuifolia,"
"Polygonella gracilis,"
"Cyperus difformis,"
"Triplasis americana,"
"Crataegus ×puberis,"
"Stachys palustris,"
"Triantha racemosa,"
"Chamaesyce florida,"
"Paronychia patula,"
"Centaurea eriophora,"
"Pentagramma pallida,"
"Vicia floridana,"
"Dicoria canescens,"
"Argythamnia serrata,"
"Pseudocrossidium obtusulum,"
"Xyris baldwiniana,"
"Fuirena scirpoidea,"
"Pluchea foetida,"
"Brasenia schreberi,"
"Eriocaulon compressum,"
"Mayaca fluviatilis,"
"Leersia hexandra,"
"Xyris brevifolia,"
"Ludwigia maritima,"
"Fuirena longa,"
"Ludwigia repens,"
"Ludwigia arcuata,"
"Polygala cymosa,"
"Ludwigia microcarpa,"
"Amianthium muscitoxicum,"
"Utricularia purpurea,"
"Aristida purpurascens,"
"Cibotium glaucum,"
"Rubus hawaiensis,"
"Lepisorus thunbergianus,"
"Polypodium pellucidum,"
"Vaccinium calycinum,"
"Dryopteris wallichiana,"
"Alyxia stellata,"
"Carex alligata,"
"Cheirodendron trigynum,"
"Coprosma ochracea,"
"Elaphoglossum hirtum,"
"Elaphoglossum wawrae,"
"Ilex anomala,"
"Metrosideros polymorpha,"
"Myrsine lessertiana,"
"Styphelia tameiameiae,"
"Uncinia uncinata,"
"Microlaena stipoides,"
"Adenophorus tripinnatifidus,"
"Myoporum sandwicense,"
"Adenophorus tamariscinus,"
"Athyrium microphyllum,"
"Cibotium menziesii,"
"Dryopteris glabra,"
"Sadleria pallida,"
"Vaccinium reticulatum,"
"Ctenitis latifrons,"
"Nothoperanema rubiginosum,"
"Dichanthelium hillebrandianum,"
"Coprosma ernodeoides,"
"Eragrostis cumingii,"
"Deschampsia nubigena,"
"Lycopodiella cernua,"
"Morelotia gahniiformis,"
"Oreobolus furcatus,"
"Coprosma montana,"
"Dicranopteris linearis,"
"Grammitis hookeri,"
"Elaphoglossum crassifolium,"
"Dodonaea viscosa,"
"Carex wahuensis,"
"Odontosoria chinensis,"
"Psidium cattleianum,"
"Sadleria cyatheoides,"
"Sadleria souleyetiana,"
"Stenogyne calaminthoides,"
"Sticherus owhyensis,"
"Wikstroemia sandwicensis,"
"Cyrtandra paludosa,"
"Myrsine sandwicensis,"
"Psychotria hawaiiensis,"
"Selaginella arbuscula,"
"Trichomanes davallioides,"
"Astelia menziesiana,"
"Hedyotis terminalis,"
"Hymenophyllum lanceolatum,"
"Hymenophyllum recurvum,"
"Broussaisia arguta,"
"Elaphoglossum alatum,"
"Freycinetia arborea,"
"Pneumatopteris sandwicensis,"
"Psilotum complanatum,"
"Cyrtandra platyphylla,"
"Thelypteris parasitica,"
"Arundina graminifolia,"
"Cyrtandra lysiosepala,"
"Labordia hedyosmifolia,"
"Trichomanes bauerianum,"
"Diplazium sandwichianum,"
"Melicope clusiifolia,"
"Adenophorus hymenophylloides,"
"Clermontia parviflora,"
"Cyanea floribunda,"
"Marattia douglasii,"
"Grammitis tenella,"
"Lellingeria saffordii,"
"Clermontia montis-loa,"
"Dryopteris sandwicensis,"
"Coprosma granadensis,"
"Eurya sandwicensis,"
"Melicope radiata,"
"Cyperus trinervis,"
"Phaius tancarvilleae,"
"Smilax melastomifolia,"
"Rubus rosifolius,"
"Rubus ellipticus,"
"Tibouchina herbacea,"
"Diplopterygium pinnatum,"
"Anthoxanthum odoratum,"
"Luzula hawaiiensis,"
"Carex thunbergii,"
"Lycopodiella cernua,"
"Geranium cuneatum,"
"Polypodium pellucidum,"
"Dubautia ciliolata,"
"Santalum paniculatum,"
"Acacia koa,"
"Urera glabra,"
"Cyanea pilosa,"
"Fraxinus uhdei,"
"Elaphoglossum pellucidum,"
"Setaria palmifolia,"
"Erechtites valerianifolia,"
"Perrottetia sandwicensis,"
"Selaginella umbrosa,"
"Coprosma rhynchocarpa,"
"Pennisetum clandestinum,"
"Machaerina angustifolia,"
"Juncus planifolius,"
"Leucopoa kingii,"
"Arceuthobium americanum,"
"Fragaria vesca,"
"Ribes cereum,"
"Jamesia americana,"
"Acer glabrum,"
"Cystopteris fragilis,"
"Maianthemum racemosum,"
"Pinus ponderosa,"
"Penstemon virens,"
"Sedum lanceolatum,"
"Arabis ×divaricarpa,"
"Arabis holboellii,"
"Poa nemoralis,"
"Festuca saximontana,"
"Ribes inerme,"
"Arceuthobium cyanocarpum,"
"Vaccinium myrtillus,"
"Mahonia repens,"
"Calypso bulbosa,"
"Zigadenus venenosus,"
"Erigeron formosissimus,"
"Arceuthobium douglasii,"
"Bromus inermis,"
"Clematis ligusticifolia,"
"Pyrola picta,"
"Erigeron vetensis,"
"Heterotheca villosa,"
"Potentilla rupincola,"
"Gayophytum diffusum,"
"Polygonum douglasii,"
"Ceanothus velutinus,"
"Cryptantha virgata,"
"Aliciella pinnatifida,"
"Arabis fendleri,"
"Tragopogon lamottei,"
"Machaeranthera bigelovii,"
"Senecio integerrimus,"
"Bromus lanatipes,"
"Cirsium clavatum,"
"Poa leptocoma/reflexa,"
"Salix amygdaloides,"
"Bromus ciliatus,"
"Polypodium saximontanum,"
"Astragalus tenellus,"
"Elymus albicans,"
"Antennaria microphylla,"
"Heterotheca villosa,"
"Silene scouleri,"
"Allium cernuum,"
"Astragalus laxmannii,"
"Astragalus laxmannii,"
"Astragalus canadensis,"
"Castilleja miniata,"
"Gaillardia aristata,"
"Oxytropis multiceps,"
"Juniperus scopulorum,"
"Eriogonum umbellatum,"
"Senecio rapifolius,"
"Artemisia campestris,"
"Rhodiola rhodantha,"
"Scutellaria brittonii,"
"Rubus deliciosus,"
"Chenopodium watsonii,"
"Chenopodium capitatum,"
"Danthonia parryi,"
"Heuchera bracteata,"
"Arabis hirsuta,"
"Antennaria parvifolia,"
"Festuca arizonica,"
"Cirsium scariosum,"
"Achnatherum nelsonii,"
"Bromus porteri,"
"Carex praegracilis,"
"Potentilla arguta,"
"Ceanothus fendleri,"
"Senecio bigelovii,"
"Geranium richardsonii,"
"Carex athrostachya,"
"Oxytropis lambertii,"
"Argentina anserina,"
"Castilleja sulphurea,"
"Potentilla pensylvanica,"
"Arabis glabra,"
"Antennaria rosea,"
"Antennaria anaphaloides,"
"Delphinium barbeyi,"
"Geum macrophyllum,"
"Carex praticola,"
"Senecio amplectens,"
"Epilobium saximontanum,"
"Rumex aquaticus,"
"Chenopodium fremontii,"
"Dodecatheon pulchellum,"
"Primula parryi,"
"Poa annua,"
"Iris missouriensis,"
"Senecio atratus,"
"Polygonum perfoliatum,"
"Uvularia perfoliata,"
"Sanicula canadensis,"
"Viola pubescens,"
"Paronychia canadensis,"
"Carex laxiflora,"
"Muhlenbergia tenuiflora,"
"Phytolacca americana,"
"Rosa micrantha,"
"Ulmus pumila,"
"Trichophorum planifolium,"
"Geranium columbinum,"
"Monarda fistulosa,"
"Desmodium canadense,"
"Carex muehlenbergii,"
"Monarda bradburiana,"
"Leonurus cardiaca,"
"Solanum capsicoides,"
"Alternanthera caracasana,"
"Hypericum nudiflorum,"
"Centaurea stoebe,"
"Dipsacus laciniatus,"
"Broussonetia papyrifera,"
"Calystegia silvatica,"
"Catananche caerulea,"
"Veronica hederifolia,"
"Consolida ajacis,"
"Potentilla canadensis,"
"Pentodon pentandrus,"
"Cyperus pilosus,"
"Carya texana,"
"Anemone virginiana,"
"Geum virginianum,"
"Carex conjuncta,"
"Colchicum autumnale,"
"Pycnanthemum incanum,"
"Carex gracilescens,"
"Lathyrus aphaca,"
"Viola arvensis,"
"Heuchera americana,"
"Cynoglossum officinale,"
"Lepidium campestre,"
"Ligustrum vulgare,"
"Mitracarpus hirtus,"
"Letharia vulpina,"
"Monarda fistulosa,"
"Calystegia silvatica,"
"Neotorularia humilis,"
"Muhlenbergia frondosa,"
"Acacia macracantha,"
"Echium vulgare,"
"Sicyos angulatus,"
"Syringa vulgaris,"
"Heliopsis helianthoides,"
"Belamcanda chinensis,"
"Heuchera villosa,"
"Humulus japonicus,"
"Humulus lupulus,"
"Obolaria virginica,"
"Platanthera lacera,"
"Ranunculus muricatus,"
"Myosotis laxa,"
"Youngia japonica,"
"Calluna vulgaris,"
"Portulaca oleracea,"
"Amaranthus hybridus,"
"Urochloa platyphylla,"
"Capsella bursa-pastoris,"
"Spergula arvensis,"
"Thelypteris palustris,"
"Carex aureolensis,"
"Cardamine angustata,"
"Scirpus polyphyllus,"
"Desmodium incanum,"
"Rhodotypos scandens,"
"Echinocystis lobata,"
"Paulownia tomentosa,"
"Viola tricolor,"
"Claytonia virginica,"
"Acer palmatum,"
"Ulmus parvifolia,"
"Eragrostis cilianensis,"
"Phalaris arundinacea,"
"Viola triloba,"
"Linum striatum,"
"Castilleja attenuata,"
"Oxalis radicosa,"
"Croton setigerus,"
"Hordeum marinum,"
"Hordeum murinum,"
"Plagiobothrys canescens,"
"Plagiobothrys nothofulvus,"
"Avena barbata,"
"Bromus diandrus,"
"Erodium botrys,"
"Trifolium ciliolatum,"
"Calandrinia ciliata,"
"Trifolium microcephalum,"
"Trifolium willdenovii,"
"Silene gallica,"
"Amsinckia menziesii,"
"Juncus bufonius,"
"Lotus unifoliolatus,"
"Bromus arenarius,"
"Dichelostemma capitatum,"
"Quercus wislizeni,"
"Carduus pycnocephalus,"
"Lupinus bicolor,"
"Amsinckia menziesii,"
"Lotus strigosus,"
"Muilla maritima,"
"Claytonia parviflora,"
"Phacelia cicutaria,"
"Pterostegia drymarioides,"
"Hordeum marinum,"
"Lupinus benthamii,"
"Clarkia purpurea,"
"Claytonia perfoliata,"
"Galium parisiense,"
"Crassula connata,"
"Phoradendron villosum,"
"Crassula connata,"
"Sisymbrium officinale,"
"Lotus wrangelianus,"
"Pentagramma triangularis,"
"Plagiobothrys distantiflorus,"
"Thysanocarpus curvipes,"
"Callitriche marginata,"
"Chlorogalum pomeridianum,"
"Minuartia douglasii,"
"Hordeum murinum,"
"Pinus sabiniana,"
"Trifolium obtusiflorum,"
"Briza minor,"
"Eleocharis macrostachya,"
"Plantago erecta,"
"Logfia gallica,"
"Quercus douglasii,"
"Triteleia laxa,"
"Leptosiphon ciliatus,"
"Pellaea mucronata,"
"Lepidium nitidum,"
"Triteleia ixioides,"
"Datura wrightii,"
"Lythrum hyssopifolium,"
"Torilis arvensis,"
"Cirsium occidentale,"
"Gnaphalium palustre,"
"Centaurea melitensis,"
"Senecio flaccidus,"
"Castilleja lineariiloba,"
"Centaurium erythraea,"
"Layia pentachaeta,"
"Erodium moschatum,"
"Cirsium occidentale,"
"Senecio flaccidus,"
"Phacelia vallis-mortae,"
"Matricaria discoidea,"
"Ceanothus cuneatus,"
"Dichelostemma capitatum,"
"Clarkia purpurea,"
"Gilia tricolor,"
"Clarkia dudleyana,"
"Acorus americanus,"
"Chorizanthe membranacea,"
"Micropus californicus,"
"Gilia capitata,"
"Delphinium hansenii,"
"Frangula californica,"
"Clarkia unguiculata,"
"Dichelostemma volubile,"
"Nemophila menziesii,"
"Lithophragma bolanderi,"
"Sanicula tuberosa,"
"Eriogonum roseum,"
"Rhamnus ilicifolia,"
"Plagiobothrys tenellus,"
"Layia pentachaeta,"
"Nemophila pulchella,"
"Toxicodendron diversilobum,"
"Claytonia perfoliata,"
"Microseris lindleyi,"
"Nemophila heterophylla,"
"Lotus micranthus,"
"Pseudognaphalium californicum,"
"Scrophularia californica,"
"Arceuthobium campylopodum,"
"Madia elegans,"
"Eschscholzia lobbii,"
"Perideridia pringlei,"
"Ceanothus leucodermis,"
"Arctostaphylos viscida,"
"Gastridium phleoides,"
"Saxifraga californica,"
"Montia fontana,"
"Silybum marianum,"
"Trifolium subterraneum,"
"Stellaria nitens,"
"Tropidocarpum gracile,"
"Collinsia heterophylla,"
"Stylomecon heterophylla,"
"Nemophila pulchella,"
"Pholistoma auritum,"
"Aesculus californica,"
"Castilleja exserta,"
"Eschscholzia californica,"
"Collinsia heterophylla,"
"Castilleja exserta,"
"Phacelia platyloba,"
"Caulanthus coulteri,"
"Trifolium macrocephalum,"
"Lupinus nanus,"
"Marah horridus,"
"Lupinus formosus,"
"Brodiaea terrestris,"
"Brodiaea elegans,"
"Brodiaea coronaria,"
"Lupinus albifrons,"
"Eriophyllum confertiflorum,"
"Scutellaria tuberosa,"
"Amsinckia eastwoodiae,"
"Galium bolanderi,"
"Lithophragma heterophyllum,"
"Erodium brachycarpum,"
"Stellaria media,"
"Plagiobothrys collinus,"
"Ceanothus gloriosus,"
"Dicoria canescens,"
"Ranunculus aquatilis,"
"Allium hyalinum,"
"Scutellaria bolanderi,"
"Plectritis ciliosa,"
"Lasthenia debilis,"
"Eriophyllum confertiflorum,"
"Distichium capillaceum,"
"Farnoldia micropsis,"
"Leptosiphon ciliatus,"
"Aira caryophyllea,"
"Claytonia perfoliata,"
"Pentagramma triangularis,"
"Lewisia triphylla,"
"Clinopodium douglasii,"
"Pentagramma triangularis,"
"Hirschfeldia incana,"
"Platystemon californicus,"
"Stachys mexicana,"
"Bromus carinatus,"
"Pinus ponderosa,"
"Calocedrus decurrens,"
"Carex multicaulis,"
"Rosa bridgesii,"
"Elymus glaucus,"
"Potentilla glandulosa,"
"Chamaebatia foliolosa,"
"Iris hartwegii,"
"Ceanothus integerrimus,"
"Quercus chrysolepis,"
"Quercus kelloggii,"
"Ribes roezlii,"
"Cercocarpus montanus,"
"Lonicera interrupta,"
"Agoseris retrorsa,"
"Collinsia tinctoria,"
"Epilobium foliosum,"
"Abies lowiana,"
"Mimulus bicolor,"
"Triteleia ixioides,"
"Lathyrus sulphureus,"
"Cryptantha affinis,"
"Trisetum canescens,"
"Umbellularia californica,"
"Pinus lambertiana,"
"Lathyrus lanszwertii,"
"Fritillaria micrantha,"
"Lathyrus nevadensis,"
"Allophyllum gilioides,"
"Comandra umbellata,"
"Dryopteris arguta,"
"Rubus glaucifolius,"
"Apiastrum angustifolium,"
"Montia parvifolia,"
"Hypericum anagalloides,"
"Trichostema oblongum,"
"Clarkia heterandra,"
"Sedella pumila,"
"Allium abramsii,"
"Streptanthus diversifolius,"
"Lotus argophyllus,"
"Asarum hartwegii,"
"Heterocodon rariflorum,"
"Nemophila maculata,"
"Potentilla glandulosa,"
"Ceanothus diversifolius,"
"Agoseris heterophylla,"
"Sonchus oleraceus,"
"Osmorhiza brachypoda,"
"Collomia grandiflora,"
"Quercus garryana,"
"Clarkia williamsonii,"
"Pellaea mucronata,"
"Dudleya cymosa,"
"Triteleia hyacinthina,"
"Mimulus fremontii,"
"Cryptantha torreyana,"
"Lathyrus nevadensis,"
"Prunus subcordata,"
"Teucrium canadense,"
"Carex densa,"
"Lotus crassifolius,"
"Bromus grandis,"
"Melica californica,"
"Calochortus venustus,"
"Stephanomeria virgata,"
"Hydrophyllum virginianum,"
"Symphyotrichum ciliolatum,"
"Eurybia macrophylla,"
"Fraxinus nigra,"
"Taraxacum officinale,"
"Mitella nuda,"
"Uvularia grandiflora,"
"Ribes americanum,"
"Dryopteris carthusiana,"
"Dirca palustris,"
"Dryopteris cristata,"
"Carex leptalea,"
"Phegopteris connectilis,"
"Patis racemosa,"
"Carex interior,"
"Abies balsamea,"
"Hieracium aurantiacum,"
"Fragaria vesca,"
"Agrimonia striata,"
"Potentilla norvegica,"
"Poa nemoralis,"
"Coptis trifolia,"
"Carex deweyana,"
"Lotus corniculatus,"
"Ribes hudsonianum,"
"Viola renifolia,"
"Galeopsis tetrahit,"
"Carex arcta,"
"Quercus bicolor,"
"Hieracium piloselloides,"
"Allium tricoccum,"
"Carex hirtifolia,"
"Prenanthes alba,"
"Doellingeria umbellata,"
"Lonicera hirsuta,"
"Lonicera dioica,"
"Cirsium palustre,"
"Geum aleppicum,"
"Trifolium hybridum,"
"Carex deflexa,"
"Geum laciniatum,"
"Amelanchier stolonifera,"
"Viburnum rafinesqueanum,"
"Ranunculus acris,"
"Myrica gale,"
"Carex ormostachya,"
"Polygonum convolvulus,"
"Symphyotrichum puniceum,"
"Thalictrum dasycarpum,"
"Carex prairea,"
"Eutrochium maculatum,"
"Saxifraga pensylvanica,"
"Caltha palustris,"
"Glyceria canadensis,"
"Scutellaria galericulata,"
"Callitriche stagnalis,"
"Scirpus atrocinctus,"
"Rumex orbiculatus,"
"Dulichium arundinaceum,"
"Carex gynandra,"
"Lysimachia thyrsiflora,"
"Ribes lacustre,"
"Dryopteris ×triploidea,"
"Carex magellanica,"
"Kalmia polifolia,"
"Carex lacustris,"
"Lysimachia quadriflora,"
"Circaea ×intermedia,"
"Euthamia graminifolia,"
"Fragaria vesca,"
"Amelanchier bartramiana,"
"Caulophyllum giganteum,"
"Symphyotrichum lanceolatum,"
"Sanicula marilandica,"
"Helianthus maximiliani,"
"Solanum dulcamara,"
"Symphyotrichum lanceolatum,"
"Salix discolor,"
"Cirsium muticum,"
"Symphyotrichum puniceum,"
"Utricularia macrorhiza,"
"Sorbus aucuparia,"
"Juncus filiformis,"
"Arabis hirsuta,"
"Myriotrema erodens,"
"Verbena officinalis,"
"Quercus palustris,"
"Morella caroliniensis,"
"Cyrilla racemiflora,"
"Styrax americanus,"
"Osmunda regalis,"
"Itea virginica,"
"Halesia carolina,"
"Vitis rotundifolia,"
"Aesculus pavia,"
"Coreopsis auriculata,"
"Danthonia sericea,"
"Hydrangea cinerea,"
"Gentiana villosa,"
"Malaxis unifolia,"
"Pycnanthemum pycnanthemoides,"
"Phlox divaricata,"
"Morus rubra,"
"Phlox pilosa,"
"Dichanthelium laxiflorum,"
"Setaria scheelei,"
"Nuttallanthus canadensis,"
"Pseudognaphalium stramineum,"
"Dichanthelium scoparium,"
"Vitis vinifera,"
"Dichanthelium scabriusculum,"
"Dichanthelium sabulorum,"
"Quercus vaseyana,"
"Liatris squarrosa,"
"Viola pedata,"
"Agalinis purpurea,"
"Agalinis setacea,"
"Aureolaria pectinata,"
"Aristida purpurascens,"
"Agalinis tenuifolia,"
"Dichanthelium depauperatum,"
"Quercus mohriana,"
"Eupatorium lancifolium,"
"Coreopsis pubescens,"
"Sabatia calycina,"
"Symphyotrichum pilosum,"
"Hexastylis shuttleworthii,"
"Pycnanthemum incanum,"
"Rhexia mariana,"
"Eschscholzia californica,"
"Onosmodium virginianum,"
"Aesculus parviflora,"
"Solidago discoidea,"
"Nassella viridula,"
"Rhododendron calendulaceum,"
"Desmodium nuttallii,"
"Symphyotrichum georgianum,"
"Cirsium carolinianum,"
"Cyperus retrofractus,"
"Glandularia tenera,"
"Cyperus refractus,"
"Magnolia pyramidata,"
"Malus angustifolia,"
"Smilax pseudochina,"
"Macbridea caroliniana,"
"Isotria verticillata,"
"Vicia caroliniana,"
"Liatris squarrosa,"
"Eupatorium album,"
"Aletris farinosa,"
"Platanthera ciliaris,"
"Dichanthelium dichotomum,"
"Gratiola pilosa,"
"Viburnum obovatum,"
"Helianthus longifolius,"
"Canna glauca,"
"Quercus sinuata,"
"Pinaropappus parvus,"
"Dichanthelium dichotomum,"
"Aristida simpliciflora,"
"Dichanthelium ravenelii,"
"Cabomba caroliniana,"
"Orbexilum pedunculatum,"
"Viburnum nudum,"
"Arundinaria tecta,"
"Bidens laevis,"
"Collinsonia tuberosa,"
"Diarrhena obovata,"
"Ammi majus,"
"Desmodium batocaulon,"
"Diodia virginiana,"
"Helianthus atrorubens,"
"Spiranthes tuberosa,"
"Solidago arguta,"
"Viola langloisii,"
"Lepidium bonariense,"
"Quercus ×fernaldii,"
"Hydrolea quadrivalvis,"
"Rudbeckia triloba,"
"Chionanthus virginicus,"
"Ceanothus cordulatus,"
"Arctostaphylos patula,"
"Gayophytum diffusum,"
"Collinsia grandiflora,"
"Monardella odoratissima,"
"Pedicularis semibarbata,"
"Pinus jeffreyi,"
"Abies magnifica,"
"Hackelia velutina,"
"Phacelia hydrophylloides,"
"Viola purpurea,"
"Viola praemorsa,"
"Senecio aronicoides,"
"Hackelia mundula,"
"Mimulus breweri,"
"Mimulus montioides,"
"Calochortus leichtlinii,"
"Eriogonum nudum,"
"Castilleja applegatei,"
"Arctostaphylos nevadensis,"
"Arenaria congesta,"
"Chaenactis douglasii,"
"Allium campanulatum,"
"Leptosiphon montanus,"
"Ribes viscosissimum,"
"Frangula rubra,"
"Abies concolor,"
"Silene lemmonii,"
"Kelloggia galioides,"
"Horkelia tridentata,"
"Penstemon newberryi,"
"Sedum obtusatum,"
"Streptanthus tortuosus,"
"Chrysolepis sempervirens,"
"Collinsia torreyi,"
"Achnatherum occidentale,"
"Horkelia tridentata,"
"Mimulus whitneyi,"
"Gentianella propinqua,"
"Mimulus primuloides,"
"Helenium bigelovii,"
"Camassia quamash,"
"Dodecatheon jeffreyi,"
"Lotus oblongifolius,"
"Oxypolis occidentalis,"
"Platanthera dilatata,"
"Veratrum californicum,"
"Viola macloskeyi,"
"Carex luzulina,"
"Carex nebrascensis,"
"Phalacroseris bolanderi,"
"Lilium parvum,"
"Perideridia parishii,"
"Mimulus moschatus,"
"Pseudostellaria jamesiana,"
"Carex fracta,"
"Thalictrum fendleri,"
"Eucephalus breweri,"
"Calystegia malacophylla,"
"Eriogonum wrightii,"
"Penstemon rostriflorus,"
"Pellaea bridgesii,"
"Symphoricarpos mollis,"
"Bromus marginatus,"
"Ageratina occidentalis,"
"Viola aurea,"
"Juniperus grandis,"
"Hemizonella minima,"
"Calochortus minimus,"
"Lomatium torreyi,"
"Mimulus leptaleus,"
"Penstemon newberryi,"
"Delphinium nuttallianum,"
"Mimulus layneae,"
"Pectocarya setosa,"
"Allophyllum integrifolium,"
"Poa bolanderi,"
"Dichanthelium xanthophysum,"
"Rumex acetosa,"
"Corallorhiza trifida,"
"Pilea fontana,"
"Eutrochium maculatum,"
"Epilobium leptophyllum,"
"Aquilegia canadensis,"
"Urtica dioica,"
"Symphyotrichum novae-angliae,"
"Juncus alpinoarticulatus,"
"Ranunculus trichophyllus,"
"Potentilla argentea,"
"Lonicera ×bella,"
"Equisetum fluviatile,"
"Salix sericea,"
"Citrullus lanatus,"
"Bidens connata,"
"Agalinis tenuifolia,"
"Ambrosia ×intergradiens,"
"Carex laeviconica,"
"Pedicularis canadensis,"
"Pedicularis canadensis,"
"Eruca vesicaria,"
"Solidago juncea,"
"Tanacetum vulgare,"
"Juncus effusus,"
"Botrychium lanceolatum,"
"Galeopsis bifida,"
"Amphicarpaea bracteata,"
"Glandularia bipinnatifida,"
"Euonymus fortunei,"
"Toxicodendron radicans,"
"Muhlenbergia sylvatica,"
"Solidago canadensis,"
"Erysimum hieraciifolium,"
"Fragaria virginiana,"
"Symphyotrichum drummondii,"
"Veronica peregrina,"
"Botrychium acuminatum,"
"Ellisia nyctelea,"
"Geum canadense,"
"Carex hirsutella,"
"Desmodium glabellum,"
"Dasistoma macrophylla,"
"Symphoricarpos occidentalis,"
"Vernonia arkansana,"
"Populus deltoides,"
"Dichanthelium leibergii,"
"Penstemon tubaeflorus,"
"Scleria pauciflora,"
"Verbena simplex,"
"Symphyotrichum praealtum,"
"Carex annectens,"
"Muhlenbergia glomerata,"
"Cardamine parviflora,"
"Mimosa rupertiana,"
"Carex amphibola,"
"Lilium michiganense,"
"Symphyotrichum oolentangiense,"
"Stachys tenuifolia,"
"Carex umbellata,"
"Hedeoma pulegioides,"
"Setaria pumila,"
"Echinochloa muricata,"
"Salix humilis,"
"Cuphea viscosissima,"
"Cyperus erythrorhizos,"
"Veronica polita,"
"Echinochloa muricata,"
"Silphium laciniatum,"
"Helianthus grosseserratus,"
"Sphenopholis intermedia,"
"Rhus copallinum,"
"Euphorbia dentata,"
"Aristida oligantha,"
"Sporobolus compositus,"
"Asclepias tuberosa,"
"Myosotis verna,"
"Carex gravida,"
"Brickellia eupatorioides,"
"Baptisia alba,"
"Gentiana puberulenta,"
"Veronica agrestis,"
"Pluchea carolinensis,"
"Quercus shumardii,"
"Erythronium albidum,"
"Cornus obliqua,"
"Rhus aromatica,"
"Dicentra cucullaria,"
"Elymus glabriflorus,"
"Celtis laevigata,"
"Myrrhis odorata,"
"Carex magellanica,"
"Carex pauciflora,"
"Sarracenia purpurea,"
"Sarracenia rosea,"
"Corallorhiza maculata,"
"Anemone canadensis,"
"Hieracium umbellatum,"
"Hieracium lachenalii,"
"Amaranthus retroflexus,"
"Myosotis scorpioides,"
"Myosotis sylvatica,"
"Bidens cernua,"
"Triadenum fraseri,"
"Crumia latifolia,"
"Salix pyrifolia,"
"Bidens coronata,"
"Cicuta bulbifera,"
"Carum carvi,"
"Eriophorum tenellum,"
"Vallisneria americana,"
"Drepanocladus crassicostatus,"
"Hieracium pilosella,"
"Bromus erectus,"
"Ranunculus pensylvanicus,"
"Bromus kalmii,"
"Pyrola asarifolia,"
"Viburnum prunifolium,"
"Iris virginica,"
"Sium suave,"
"Garcinia portoricensis,"
"Taxus brevifolia,"
"Gaultheria ovatifolia,"
"Chimaphila menziesii,"
"Anemone oregana,"
"Lonicera ciliosa,"
"Allotropa virgata,"
"Clintonia uniflora,"
"Acer glabrum,"
"Paxistima myrsinites,"
"Corallorhiza striata,"
"Mitella caulescens,"
"Rubus nivalis,"
"Arceuthobium tsugense,"
"Chimaphila umbellata,"
"Clarkia bottae,"
"Hemitomes congestum,"
"Hieracium scouleri,"
"Lilium columbianum,"
"Linum lewisii,"
"Festuca idahoensis,"
"Selaginella densa,"
"Leymus cinereus,"
"Geum triflorum,"
"Achnatherum richardsonii,"
"Geranium viscosissimum,"
"Phlox multiflora,"
"Penstemon procerus,"
"Rosa acicularis,"
"Linaria dalmatica,"
"Clematis hirsutissima,"
"Delphinium bicolor,"
"Leptosiphon septentrionalis,"
"Lomatium triternatum,"
"Carex xerantica,"
"Crepis atribarba,"
"Lupinus leucophyllus,"
"Artemisia cana,"
"Heuchera cylindrica,"
"Besseya wyomingensis,"
"Juncus arcticus,"
"Eriogonum umbellatum,"
"Barbarea orthoceras,"
"Ranunculus inamoenus,"
"Anemone multifida,"
"Lepidium ramosissimum,"
"Potentilla hippiana,"
"Packera pseudaurea,"
"Logfia arvensis,"
"Arnica longifolia,"
"Arabis nuttallii,"
"Lupinus sericeus,"
"Potentilla arguta,"
"Perideridia gairdneri,"
"Symphyotrichum ascendens,"
"Chenopodium atrovirens,"
"Linaria dalmatica,"
"Draba nemorosa,"
"Castilleja pilosa,"
"Spiraea betulifolia,"
"Arenaria congesta,"
"Achillea millefolium,"
"Eucephalus elegans,"
"Fritillaria atropurpurea,"
"Packera streptanthifolia,"
"Senecio serra,"
"Potentilla gracilis,"
"Potentilla macounii,"
"Symphyotrichum campestre,"
"Erigeron corymbosus,"
"Astragalus miser,"
"Buglossoides arvensis,"
"Ericameria nauseosa,"
"Achnatherum nelsonii,"
"Pohlia filum,"
"Valeriana dioica,"
"Pinus albicaulis,"
"Allium brevistylum,"
"Muhlenbergia filiformis,"
"Orthocarpus luteus,"
"Eurybia merita,"
"Heuchera cylindrica,"
"Prosartes trachycarpa,"
"Madia glomerata,"
"Juncus confusus,"
"Oxytropis lagopus,"
"Danthonia californica,"
"Elymus elymoides,"
"Lappula squarrosa,"
"Viola nuttallii,"
"Heterotheca villosa,"
"Monolepis nuttalliana,"
"Packera paupercula,"
"Achnatherum occidentale,"
"Erigeron peregrinus,"
"Penstemon aridus,"
"Machaeranthera canescens,"
"Artemisia tridentata,"
"Crepis runcinata,"
"Vaccinium scoparium,"
"Lonicera utahensis,"
"Symphoricarpos albus,"
"Woodsia scopulina,"
"Clematis occidentalis,"
"Astragalus purshii,"
"Astragalus vexilliflexus,"
"Townsendia parryi,"
"Phacelia franklinii,"
"Ericameria nauseosa,"
"Erigeron gracilis,"
"Poa cusickii,"
"Erysimum cheiranthoides,"
"Hackelia micrantha,"
"Symphyotrichum foliaceum,"
"Myosotis asiatica,"
"Arnica sororia,"
"Heuchera flabellifolia,"
"Astragalus agrestis,"
"Achnatherum lettermanii,"
"Geranium viscosissimum,"
"Antennaria corymbosa,"
Potentilla gracilis